A,A556-KSCHL,SOrg,DC,A556-KNUMA,Agreement Description,MG5,Material group 5 Description,A556-DATAB,A556-DATBI,  % * 10,Licensor #,Licensor Name
V,ZRSA,SYUS,1,1238,Royalty % Licensr1,DB1,DINAH BROTHERS BRANDS INC 3%,10/26/2015,12/31/9999,-75,500212,"Dinah Brothers Brands, Inc."
V,ZRSA,SYCF,1,1239,Royalty % Licensr1,DB1,DINAH BROTHERS BRANDS INC 3%,10/26/2015,12/31/9999,-75,500212,"Dinah Brothers Brands, Inc."
V,ZRSA,SYCF,1,1241,Royalty % Licensr1,BD1,BARI J DESIGNS LLC 2%,7/27/2015,12/31/9999,-75,500213,"Bari J. Designs, LLC"
V,ZRSA,SYUS,1,1242,Royalty % Licensr1,DE3,DESIGNRT SAVORA & BUILT 3%,4/1/2015,12/31/9999,-75,500207,"Designrt, Inc."
V,ZRSA,SYUS,1,1242,Royalty % Licensr1,DAN,DESIGNRT-NEIL COHEN 2%,4/1/2015,12/31/9999,-75,500207,"Designrt, Inc."
V,ZRSA,SYCF,1,1201,Royalty % Licensr1,KPR,KIM PARKER RTL 5%,4/1/2015,12/31/9999,-75,500181,Kim Parker
V,ZRSA,SYCF,1,1202,Royalty % Licensr1,SMD,SABATIER BRAND WITH 2% MYDESIGN GROUP,4/1/2015,12/31/9999,-75,500182,"Mydesign Group, Inc."
V,ZRSA,SYUS,1,1202,Royalty % Licensr1,MD1,MYDESIGN GROUP W SIGNATURE MUG HANDLE 1%,4/1/2015,12/31/9999,-75,500182,"Mydesign Group, Inc."
V,ZRSA,SYCF,1,1202,Royalty % Licensr1,MD3,MYDESIGN SAVORA & BUILT 3%,4/1/2015,12/31/9999,-75,500182,"Mydesign Group, Inc."
V,ZRSA,SYCF,1,1202,Royalty % Licensr1,MDG,MYDESIGNS CUTLERY AND CUTTING BOARD 2%,4/1/2015,12/31/9999,-75,500182,"Mydesign Group, Inc."
V,ZRSA,SYCF,1,1203,Royalty % Licensr1,FAL,AWESOME WRENCH BOTTLE OPEN 5%,4/1/2015,12/31/9999,-50,500184,Awesome LLC
V,ZRSA,SYCF,1,1205,Royalty % Licensr1,FLR,LUFDESIG RAINY DAY ICE TRAY 5%,4/1/2015,12/31/9999,-50,500186,Lufdesign
V,ZRSA,SYCF,1,1207,Royalty % Licensr1,FRS,RDL INTL STRAW WINE AERATOR 3%,4/1/2015,12/31/9999,-50,500188,RDL International
V,ZRSA,SYCF,1,1207,Royalty % Licensr1,FRP,RDL INTL PUZZLE PEPPER GRINDER 4%,4/1/2015,12/31/9999,-50,500188,RDL International
V,ZRSA,SYCF,1,1208,Royalty % Licensr1,FSW,S WOLFE TITANIC DOORSTOP 5%,4/1/2015,12/31/9999,-50,500189,Stephen Wolfe
V,ZRSA,SYCF,1,1209,Royalty % Licensr1,JCK,JC FOLDING SPLATTER SCREEN KA 2%,4/1/2015,12/31/9999,-75,500142,G. JACKSON CONCEPTS LLC
V,ZRSA,SYCF,1,1209,Royalty % Licensr1,JCA,JC FOLDING SPLATTER SCREEN NON KA 3%,4/1/2015,12/31/9999,-75,500142,G. JACKSON CONCEPTS LLC
V,ZRSA,SYUS,1,811,Royalty % Licensr1,KAS,CHIKARA TATENO (AVOCADO SLICER ) & KA,4/1/2015,12/31/9999,-75,500006,Chikara Tateno
V,ZRSA,SYUS,1,811,Royalty % Licensr1,ASC,AVOCADO SLICER - CHIKARA TATENO,4/1/2015,12/31/9999,-75,500006,Chikara Tateno
V,ZRSA,SYUS,1,818,Royalty % Licensr1,DDD,Davidson Design & Development,4/1/2015,12/31/9999,-75,500010,Marilyn Davidson
V,ZRSA,SYUS,1,1190,Royalty % Licensr1,FFP,FUN PLASTIC TUGBOAT DWARE 6%,4/1/2015,12/31/9999,-50,500185,Funtastic Plastic
V,ZRSA,SYCF,1,1216,Royalty % Licensr1,190,KEW GARDENS,4/1/2015,12/31/9999,-75,500193,Kew Gardens
V,ZRSA,SYUS,1,1230,Royalty % Licensr1,NG1,NANCY GREEN DESIGN 2%,6/25/2015,12/31/9999,-75,500200,Nancy Green Design
V,ZRSA,SYCF,1,1230,Royalty % Licensr1,NG1,NANCY GREEN DESIGN 2%,6/25/2015,12/31/9999,-75,500200,Nancy Green Design
V,ZRSA,SYUS,1,1232,Royalty % Licensr1,GI1,GENUS INCORPORATED 5%,8/11/2015,12/31/9999,-75,500202,"Genus, Incorporated"
V,ZRSA,SYCF,1,1235,Royalty % Licensr1,RW7,RAYMOND WAITES DESIGN LLC 6%,8/13/2015,12/31/9999,-75,500203,"Raymond Waites Design, LLC"
V,ZRSA,SYUS,1,805,Royalty % Licensr1,AFR,DO NOT USE - USE MG5 AAP,4/1/2015,12/31/9999,-75,500001,AppleJack Art Partnets Inc
V,ZRSA,SYUS,1,805,Royalty % Licensr1,AFM,DO NOT USE - USE MG5 AAP,4/1/2015,12/31/9999,-75,500001,AppleJack Art Partnets Inc
V,ZRSA,SYUS,1,805,Royalty % Licensr1,AFC,DO NOT USE - USE MG5 AAP,4/1/2015,12/31/9999,-75,500001,AppleJack Art Partnets Inc
V,ZRSA,SYUS,1,805,Royalty % Licensr1,AAP,LTB-ART LICENSING(FORMERLYAPPLEJACK ART),4/1/2015,12/31/9999,-75,500001,AppleJack Art Partnets Inc
V,ZRSA,SYUS,1,805,Royalty % Licensr1,AAM,DO NOT USE - USE MG5 AAP,4/1/2015,12/31/9999,-75,500001,AppleJack Art Partnets Inc
V,ZRSA,SYUS,1,805,Royalty % Licensr1,AAC,DO NOT USE - USE MG5 AAP,4/1/2015,12/31/9999,-75,500001,AppleJack Art Partnets Inc
V,ZRSA,SYUS,1,813,Royalty % Licensr1,CO3,COZZOLINO STUDIO SAVORA & BUILT 3%,4/1/2015,12/31/9999,-75,500119,Cozzolino Studio  LLC
V,ZRSA,SYUS,1,813,Royalty % Licensr1,SC1,SABATIER 2% COZZOLINO DESIGN,4/1/2015,12/31/9999,-75,500119,Cozzolino Studio  LLC
V,ZRSA,SYUS,1,813,Royalty % Licensr1,CSR,DO NOT USE - USE MG5 CS3,4/1/2015,12/31/9999,-75,500119,Cozzolino Studio  LLC
V,ZRSA,SYUS,1,813,Royalty % Licensr1,CSB,DO NOT USE - USE MG5 CS3,4/1/2015,12/31/9999,-75,500119,Cozzolino Studio  LLC
V,ZRSA,SYUS,1,817,Royalty % Licensr1,DRA,D GREENBERG REDUCED 1.5%,4/1/2015,12/31/9999,-75,500009,Daniel Greenberg design LLC
V,ZRSA,SYUS,1,817,Royalty % Licensr1,DFB,FARBERWARE & DAN GREENBERG,4/1/2015,12/31/9999,-75,500009,Daniel Greenberg design LLC
V,ZRSA,SYUS,1,817,Royalty % Licensr1,DRR,DO NOT USE - USE MG5 DFB,4/1/2015,12/31/9999,-75,500009,Daniel Greenberg design LLC
V,ZRSA,SYUS,1,817,Royalty % Licensr1,DRK,DO NOT USE - USE MG5 DFB,4/1/2015,12/31/9999,-75,500009,Daniel Greenberg design LLC
V,ZRSA,SYUS,1,817,Royalty % Licensr1,DKC,DANIEL GREENBERG-KA OR CUISINART,4/1/2015,12/31/9999,-75,500009,Daniel Greenberg design LLC
V,ZRSA,SYUS,1,817,Royalty % Licensr1,DGR,DANIEL GREENBERG-NON KA OR CUISINART,4/1/2015,12/31/9999,-75,500009,Daniel Greenberg design LLC
V,ZRSA,SYUS,1,819,Royalty % Licensr1,DAL,PRODUCE FRESHES-RETAIL<2.99,4/1/2015,12/31/9999,-75,500011,Design Accents LLC
V,ZRSA,SYUS,1,819,Royalty % Licensr1,DAG,PRODUCE FRESHES-RETAIL > 2.99,4/1/2015,12/31/9999,-75,500011,Design Accents LLC
V,ZRSA,SYUS,1,824,Royalty % Licensr1,MFR,DO NOT USE - USE MG5 MFM,4/1/2015,12/31/9999,-75,500157,Museum of Fine Arts
V,ZRSA,SYUS,1,824,Royalty % Licensr1,MFM,MUSEUM OF FINE ARTS BOSTON,4/1/2015,12/31/9999,-75,500157,Museum of Fine Arts
V,ZRSA,SYUS,1,827,Royalty % Licensr1,LYP,GERALD LYPKA,4/1/2015,12/31/9999,-75,500018,Gerald Lypka
V,ZRSA,SYUS,1,833,Royalty % Licensr1,HCL,HEAD CHEFS LLC,4/1/2015,12/31/9999,-75,500023,Head Chefs LLC
V,ZRSA,SYUS,1,834,Royalty % Licensr1,HEA,HEALY INTL THERMAL REGULATING INSERT 3%,4/1/2015,12/31/9999,-75,500150,Healy International LLC
V,ZRSA,SYUS,1,839,Royalty % Licensr1,JGM,DO NOT USE - USE MG5 JGS,4/1/2015,12/31/9999,-75,500026,Jennifer Garant Studios
V,ZRSA,SYUS,1,842,Royalty % Licensr1,DOM,LLE-DOM - LICENSE EXPIRED,4/1/2015,12/31/9999,-75,500031,LLE Dom
V,ZRSA,SYCF,1,982,Royalty % Licensr1,HOC,DO NOT USE - USE MG5 HOR,4/1/2015,12/31/9999,-20,500120,Haas Outdoors  Inc
V,ZRSA,SYCF,1,982,Royalty % Licensr1,HOR,MOSSY OAK,4/1/2015,12/31/9999,-20,500120,Haas Outdoors  Inc
V,ZRSA,SYCF,1,982,Royalty % Licensr1,HOM,DO NOT USE - USE MG5 HOR,4/1/2015,12/31/9999,-20,500120,Haas Outdoors  Inc
V,ZRSA,SYUS,1,839,Royalty % Licensr1,JGS,jennifer garant studios,4/1/2015,12/31/9999,-75,500026,Jennifer Garant Studios
V,ZRSA,SYUS,1,842,Royalty % Licensr1,LDM,LLE-DOM - LICENSE EXPIRED,4/1/2015,12/31/9999,-75,500031,LLE Dom
V,ZRSA,SYUS,1,857,Royalty % Licensr1,PRM,PIERRE ROHATYN - MIKASA,4/1/2015,12/31/9999,-75,500042,Pierrie Rohatyn( Garnishment - To F
V,ZRSA,SYUS,1,866,Royalty % Licensr1,PT5,PULL TIES-NON KA BRAND -LICENSE EXPIRED,4/1/2015,12/31/9999,-75,500051,Think up designs
V,ZRSA,SYUS,1,866,Royalty % Licensr1,PT4,PULL TIES - KA BRAND - LICENSE EXPIRED,4/1/2015,12/31/9999,-75,500051,Think up designs
V,ZRSA,SYUS,1,866,Royalty % Licensr1,AT5,ADJUSTABLE TONGS - NON KA,4/1/2015,12/31/9999,-75,500051,Think up designs
V,ZRSA,SYUS,1,866,Royalty % Licensr1,AT4,ADJUSTABLE TONGS - KA,4/1/2015,12/31/9999,-75,500051,Think up designs
V,ZRSA,SYUS,1,880,Royalty % Licensr1,ARD,ARTORI DESIGN 7%,4/1/2015,12/31/9999,-50,500158,Artori Design
V,ZRSA,SYUS,1,900,Royalty % Licensr1,FGR,DO NOT USE - USE MG5 GON,4/1/2015,12/31/9999,0,500082,Felipe Gonzalez
V,ZRSA,SYUS,1,861,Royalty % Licensr1,SAS,Sasaki Glass Company,4/1/2015,12/31/9999,-75,500046,Sasaki
V,ZRSA,SYUS,1,863,Royalty % Licensr1,SNA,SNACK TAPE - STAYSEAL,4/1/2015,12/31/9999,-75,500048,StaySeal
V,ZRSA,SYUS,1,868,Royalty % Licensr1,PTR,POOCHINI & TIEGREEN RTL 5%,4/1/2015,12/31/9999,-75,500053,Tiegreen LTD
V,ZRSA,SYUS,1,868,Royalty % Licensr1,PTL,POOCHINI & TIEGREEN - MERISELLA,4/1/2015,12/31/9999,-75,500053,Tiegreen LTD
V,ZRSA,SYUS,1,868,Royalty % Licensr1,PFV,POOCHINI & TIEGREEN - VILLA DE LA LUNA,4/1/2015,12/31/9999,-75,500053,Tiegreen LTD
V,ZRSA,SYUS,1,868,Royalty % Licensr1,PFP,POOCHINI & TIEGREEN - PISTOULET,4/1/2015,12/31/9999,-75,500053,Tiegreen LTD
V,ZRSA,SYUS,1,900,Royalty % Licensr1,GON,FELIPE GONZALEZ,4/1/2015,12/31/9999,0,500082,Felipe Gonzalez
V,ZRSA,SYUS,1,900,Royalty % Licensr1,FSH,F GONZALEZ SLAP HAPPY BOTTLE MARKER 5%,4/1/2015,12/31/9999,0,500082,Felipe Gonzalez
V,ZRSA,SYUS,1,900,Royalty % Licensr1,FOS,F GONZALEZ OLD SCHOOL DESK 5%,4/1/2015,12/31/9999,0,500082,Felipe Gonzalez
V,ZRSA,SYUS,1,1226,Royalty % Licensr1,JW1,JOSCHA WEIAND,4/1/2015,12/31/9999,-50,500198,Joscha Weiand
V,ZRSA,SYUS,1,804,Royalty % Licensr1,AHV,Anne Hursky de Vassel,4/1/2015,12/31/9999,-75,500000,Anne Hursky De Vassal
V,ZRSA,SYUS,1,808,Royalty % Licensr1,CAR,TERRIFIC TUNA CAN OPENER,4/1/2015,12/31/9999,-75,500004,C.A.S Concepts  LLC
V,ZRSA,SYUS,1,809,Royalty % Licensr1,CAT,CATANNA LLC CUTLERY CUP NON KITCHENAD 5%,4/1/2015,12/31/9999,-75,500167,Catanna LLC
V,ZRSA,SYUS,1,809,Royalty % Licensr1,CAK,CATANNA LLC CUTLERY CUP KITCHENAID 3%,4/1/2015,12/31/9999,-75,500167,Catanna LLC
V,ZRSA,SYUS,1,812,Royalty % Licensr1,CMH,LORILYNN SIMMS-HOL SCRIPT - MASS 3%,4/1/2015,12/31/9999,-75,500007,Courtney Davis  Inc
V,ZRSA,SYUS,1,812,Royalty % Licensr1,CLR,LORILYNN SIMMS-EATWELL- RETAIL4%,4/1/2015,12/31/9999,-75,500007,Courtney Davis  Inc
V,ZRSA,SYUS,1,812,Royalty % Licensr1,CLM,LORILYNN SIMMS-EATWELL - MASS 3%,4/1/2015,12/31/9999,-75,500007,Courtney Davis  Inc
V,ZRSA,SYUS,1,812,Royalty % Licensr1,CLH,DO NOT USE - USE MG5 CDP,4/1/2015,12/31/9999,-75,500007,Courtney Davis  Inc
V,ZRSA,SYUS,1,812,Royalty % Licensr1,CCR,DO NOT USE - USE MG5 CDP,4/1/2015,12/31/9999,-75,500007,Courtney Davis  Inc
V,ZRSA,SYUS,1,812,Royalty % Licensr1,CCM,LORILYNN SIMMS-HOL CHEER - MASS 3%,4/1/2015,12/31/9999,-75,500007,Courtney Davis  Inc
V,ZRSA,SYUS,1,812,Royalty % Licensr1,WBC,DO NOT USE - USE MG5 CDP,4/1/2015,12/31/9999,-75,500007,Courtney Davis  Inc
V,ZRSA,SYUS,1,812,Royalty % Licensr1,LSC,DO NOT USE - USE MG5 CDP,4/1/2015,12/31/9999,-75,500007,Courtney Davis  Inc
V,ZRSA,SYUS,1,812,Royalty % Licensr1,CRR,DO NOT USE - USE MG5 CDP,4/1/2015,12/31/9999,-75,500007,Courtney Davis  Inc
V,ZRSA,SYUS,1,812,Royalty % Licensr1,CRM,DO NOT USE - USE MG5 CDP,4/1/2015,12/31/9999,-75,500007,Courtney Davis  Inc
V,ZRSA,SYUS,1,812,Royalty % Licensr1,CDS,DO NOT USE - USE MG5 CDP,4/1/2015,12/31/9999,-75,500007,Courtney Davis  Inc
V,ZRSA,SYUS,1,812,Royalty % Licensr1,CDP,COURTNEY DAVIS,4/1/2015,12/31/9999,-75,500007,Courtney Davis  Inc
V,ZRSA,SYUS,1,812,Royalty % Licensr1,CDM,DO NOT USE - USE MG5 CDP,4/1/2015,12/31/9999,-75,500007,Courtney Davis  Inc
V,ZRSA,SYUS,1,814,Royalty % Licensr1,CUB,CUISINART-CUTTING BOARDS-LICENSE EXPIRED,4/1/2015,12/31/9999,-75,500008,Conair
V,ZRSA,SYUS,1,814,Royalty % Licensr1,CPW,CUISINART PANTRYWARE,4/1/2015,12/31/9999,-75,500008,Conair
V,ZRSA,SYUS,1,814,Royalty % Licensr1,CPT,CUISINART PERFECT TEAR,4/1/2015,12/31/9999,-75,500008,Conair
V,ZRSA,SYUS,1,814,Royalty % Licensr1,CHY,cuisinart hydration,4/1/2015,12/31/9999,-75,500008,Conair
V,ZRSA,SYUS,1,814,Royalty % Licensr1,CEN,EDISON NATION (PRESSIX) - CUISINART,4/1/2015,12/31/9999,-75,500008,Conair
V,ZRSA,SYUS,1,815,Royalty % Licensr1,CEI,CULINARY EXPRESSIONS - KITCHEN GADGETS,4/1/2015,12/31/9999,-75,500132,CULINARY EXPRESSIONS INC
V,ZRSA,SYUS,1,820,Royalty % Licensr1,BOD,dinah body,4/1/2015,12/31/9999,-75,500012,Dinah Body
V,ZRSA,SYUS,1,825,Royalty % Licensr1,GVM,DO NOT USE - USE MG5 GGR,4/1/2015,12/31/9999,-75,500016,Galaxy of Graphics Licensing LLC
V,ZRSA,SYUS,1,825,Royalty % Licensr1,GVC,DO NOT USE - USE MG5 GGR,4/1/2015,12/31/9999,-75,500016,Galaxy of Graphics Licensing LLC
V,ZRSA,SYUS,1,825,Royalty % Licensr1,GTR,DO NOT USE - USE MG5 GGR,4/1/2015,12/31/9999,-75,500016,Galaxy of Graphics Licensing LLC
V,ZRSA,SYUS,1,825,Royalty % Licensr1,GTM,DO NOT USE - USE MG5 GGR,4/1/2015,12/31/9999,-75,500016,Galaxy of Graphics Licensing LLC
V,ZRSA,SYUS,1,825,Royalty % Licensr1,GTC,DO NOT USE - USE MG5 GGR,4/1/2015,12/31/9999,-75,500016,Galaxy of Graphics Licensing LLC
V,ZRSA,SYUS,1,825,Royalty % Licensr1,GRM,DO NOT USE - USE MG5 GGR,4/1/2015,12/31/9999,-75,500016,Galaxy of Graphics Licensing LLC
V,ZRSA,SYUS,1,825,Royalty % Licensr1,GRC,DO NOT USE - USE MG5 GGR,4/1/2015,12/31/9999,-75,500016,Galaxy of Graphics Licensing LLC
V,ZRSA,SYUS,1,825,Royalty % Licensr1,GOM,DO NOT USE - USE MG5 GGR,4/1/2015,12/31/9999,-75,500016,Galaxy of Graphics Licensing LLC
V,ZRSA,SYUS,1,825,Royalty % Licensr1,GOC,DO NOT USE - USE MG5 GGR,4/1/2015,12/31/9999,-75,500016,Galaxy of Graphics Licensing LLC
V,ZRSA,SYUS,1,825,Royalty % Licensr1,GMR,DO NOT USE - USE MG5 GGR,4/1/2015,12/31/9999,-75,500016,Galaxy of Graphics Licensing LLC
V,ZRSA,SYUS,1,825,Royalty % Licensr1,GMD,DO NOT USE - USE MG5 GGR,4/1/2015,12/31/9999,-75,500016,Galaxy of Graphics Licensing LLC
V,ZRSA,SYUS,1,825,Royalty % Licensr1,GMC,DO NOT USE - USE MG5 GGR,4/1/2015,12/31/9999,-75,500016,Galaxy of Graphics Licensing LLC
V,ZRSA,SYUS,1,825,Royalty % Licensr1,GKR,DO NOT USE - USE MG5 GGR,4/1/2015,12/31/9999,-75,500016,Galaxy of Graphics Licensing LLC
V,ZRSA,SYUS,1,825,Royalty % Licensr1,GKM,DO NOT USE - USE MG5 GGR,4/1/2015,12/31/9999,-75,500016,Galaxy of Graphics Licensing LLC
V,ZRSA,SYUS,1,825,Royalty % Licensr1,GKC,DO NOT USE - USE MG5 GGR,4/1/2015,12/31/9999,-75,500016,Galaxy of Graphics Licensing LLC
V,ZRSA,SYUS,1,825,Royalty % Licensr1,GGR,LTB-GALAXY OF GRAPHICS,4/1/2015,12/31/9999,-75,500016,Galaxy of Graphics Licensing LLC
V,ZRSA,SYUS,1,825,Royalty % Licensr1,GGL,DO NOT USE - USE MG5 GGR,4/1/2015,12/31/9999,-75,500016,Galaxy of Graphics Licensing LLC
V,ZRSA,SYUS,1,825,Royalty % Licensr1,GCR,DO NOT USE - USE MG5 GGR,4/1/2015,12/31/9999,-75,500016,Galaxy of Graphics Licensing LLC
V,ZRSA,SYUS,1,825,Royalty % Licensr1,GCM,DO NOT USE - USE MG5 GGR,4/1/2015,12/31/9999,-75,500016,Galaxy of Graphics Licensing LLC
V,ZRSA,SYUS,1,825,Royalty % Licensr1,GCC,DO NOT USE - USE MG5 GGR,4/1/2015,12/31/9999,-75,500016,Galaxy of Graphics Licensing LLC
V,ZRSA,SYUS,1,825,Royalty % Licensr1,G0R,DO NOT USE - USE MG5 GGR,4/1/2015,12/31/9999,-75,500016,Galaxy of Graphics Licensing LLC
V,ZRSA,SYUS,1,826,Royalty % Licensr1,GGD,Gerald Gulotta Design,4/1/2015,12/31/9999,-75,500017,Gerald Gulotta
V,ZRSA,SYUS,1,829,Royalty % Licensr1,PGF,GUY FIERI PERFECT TEAR,4/1/2015,12/31/9999,-100,500020,Knuckle Sandwich LLC ( Guy Fieri)
V,ZRSA,SYUS,1,829,Royalty % Licensr1,GUY,GUY FIERI KITCHENWARE,4/1/2015,12/31/9999,-100,500020,Knuckle Sandwich LLC ( Guy Fieri)
V,ZRSA,SYUS,1,829,Royalty % Licensr1,GUC,GUY FIERI-CUTLERY PRODUCTS,4/1/2015,12/31/9999,-100,500020,Knuckle Sandwich LLC ( Guy Fieri)
V,ZRSA,SYUS,1,829,Royalty % Licensr1,GBM,BARBEQUE ACCESSORY PRODUCTS,4/1/2015,12/31/9999,-100,500020,Knuckle Sandwich LLC ( Guy Fieri)
V,ZRSA,SYUS,1,831,Royalty % Licensr1,CDP,COURTNEY DAVIS,4/1/2015,12/31/9999,-75,500022,Harris Sachs
V,ZRSA,SYUS,1,831,Royalty % Licensr1,CDM,DO NOT USE - USE MG5 CDP,4/1/2015,12/31/9999,-75,500022,Harris Sachs
V,ZRSA,SYUS,1,831,Royalty % Licensr1,CCR,DO NOT USE - USE MG5 CDP,4/1/2015,12/31/9999,-75,500022,Harris Sachs
V,ZRSA,SYUS,1,831,Royalty % Licensr1,CCM,LORILYNN SIMMS-HOL CHEER - MASS 3%,4/1/2015,12/31/9999,-75,500022,Harris Sachs
V,ZRSA,SYUS,1,831,Royalty % Licensr1,AVM,DO NOT USE - USE MG5 WAV,4/1/2015,12/31/9999,-75,500022,Harris Sachs
V,ZRSA,SYUS,1,831,Royalty % Licensr1,AVE,DO NOT USE - USE MG5 WAV,4/1/2015,12/31/9999,-75,500022,Harris Sachs
V,ZRSA,SYUS,1,831,Royalty % Licensr1,ATR,DO NOT USE - USE MG5 WAV,4/1/2015,12/31/9999,-75,500022,Harris Sachs
V,ZRSA,SYUS,1,831,Royalty % Licensr1,ATM,DO NOT USE - USE MG5 WAV,4/1/2015,12/31/9999,-75,500022,Harris Sachs
V,ZRSA,SYUS,1,831,Royalty % Licensr1,AFR,DO NOT USE - USE MG5 AAP,4/1/2015,12/31/9999,-75,500022,Harris Sachs
V,ZRSA,SYUS,1,831,Royalty % Licensr1,AFM,DO NOT USE - USE MG5 AAP,4/1/2015,12/31/9999,-75,500022,Harris Sachs
V,ZRSA,SYUS,1,831,Royalty % Licensr1,AFC,DO NOT USE - USE MG5 AAP,4/1/2015,12/31/9999,-75,500022,Harris Sachs
V,ZRSA,SYUS,1,831,Royalty % Licensr1,AAP,LTB-ART LICENSING(FORMERLYAPPLEJACK ART),4/1/2015,12/31/9999,-75,500022,Harris Sachs
V,ZRSA,SYUS,1,831,Royalty % Licensr1,AAM,DO NOT USE - USE MG5 AAP,4/1/2015,12/31/9999,-75,500022,Harris Sachs
V,ZRSA,SYUS,1,831,Royalty % Licensr1,AAC,DO NOT USE - USE MG5 AAP,4/1/2015,12/31/9999,-75,500022,Harris Sachs
V,ZRSA,SYUS,1,831,Royalty % Licensr1,AA5,DO NOT USE - USE MG5 AA4,4/1/2015,12/31/9999,-75,500022,Harris Sachs
V,ZRSA,SYUS,1,831,Royalty % Licensr1,AA4,ANGELA ANDERSON,4/1/2015,12/31/9999,-75,500022,Harris Sachs
V,ZRSA,SYUS,1,831,Royalty % Licensr1,WVR,DO NOT USE - USE MG5 WAV,4/1/2015,12/31/9999,-75,500022,Harris Sachs
V,ZRSA,SYUS,1,831,Royalty % Licensr1,WVM,DO NOT USE - USE MG5 WAV,4/1/2015,12/31/9999,-75,500022,Harris Sachs
V,ZRSA,SYUS,1,831,Royalty % Licensr1,WDR,DO NOT USE - USE MG5 WAV,4/1/2015,12/31/9999,-75,500022,Harris Sachs
V,ZRSA,SYUS,1,831,Royalty % Licensr1,WDM,DO NOT USE - USE MG5 WAV,4/1/2015,12/31/9999,-75,500022,Harris Sachs
V,ZRSA,SYUS,1,831,Royalty % Licensr1,WAV,LTB-WILD APPLE,4/1/2015,12/31/9999,-75,500022,Harris Sachs
V,ZRSA,SYUS,1,831,Royalty % Licensr1,VJN,DO NOT USE - USE MG5 WAV,4/1/2015,12/31/9999,-75,500022,Harris Sachs
V,ZRSA,SYUS,1,831,Royalty % Licensr1,SPM,DO NOT USE - USE MG5 SAP,4/1/2015,12/31/9999,-75,500022,Harris Sachs
V,ZRSA,SYUS,1,831,Royalty % Licensr1,SAP,TSB & Company Sapna,4/1/2015,12/31/9999,-75,500022,Harris Sachs
V,ZRSA,SYUS,1,831,Royalty % Licensr1,PSR,DO NOT USE - USE MG5 WAV,4/1/2015,12/31/9999,-75,500022,Harris Sachs
V,ZRSA,SYUS,1,831,Royalty % Licensr1,PSM,DO NOT USE - USE MG5 WAV,4/1/2015,12/31/9999,-75,500022,Harris Sachs
V,ZRSA,SYUS,1,831,Royalty % Licensr1,PEW,DO NOT USE - USE MG5 DA5,4/1/2015,12/31/9999,-75,500022,Harris Sachs
V,ZRSA,SYUS,1,831,Royalty % Licensr1,PEM,DO NOT USE - USE MG5 WAV,4/1/2015,12/31/9999,-75,500022,Harris Sachs
V,ZRSA,SYUS,1,831,Royalty % Licensr1,PBD,Paul Brent Designer,4/1/2015,12/31/9999,-75,500022,Harris Sachs
V,ZRSA,SYUS,1,831,Royalty % Licensr1,PAR,DO NOT USE - USE MG5 WAV,4/1/2015,12/31/9999,-75,500022,Harris Sachs
V,ZRSA,SYUS,1,831,Royalty % Licensr1,LSC,DO NOT USE - USE MG5 CDP,4/1/2015,12/31/9999,-75,500022,Harris Sachs
V,ZRSA,SYUS,1,831,Royalty % Licensr1,LOM,LINDA MCDONALD-LICENSE EXPIRED,4/1/2015,12/31/9999,-75,500022,Harris Sachs
V,ZRSA,SYUS,1,831,Royalty % Licensr1,LIS,LISA AUDIT-WILD APPLE GRPHCS- EXPIRED,4/1/2015,12/31/9999,-75,500022,Harris Sachs
V,ZRSA,SYUS,1,831,Royalty % Licensr1,LIM,DO NOT USE - USE MG5 WAV,4/1/2015,12/31/9999,-75,500022,Harris Sachs
V,ZRSA,SYUS,1,831,Royalty % Licensr1,JGS,jennifer garant studios,4/1/2015,12/31/9999,-75,500022,Harris Sachs
V,ZRSA,SYUS,1,831,Royalty % Licensr1,JGM,DO NOT USE - USE MG5 JGS,4/1/2015,12/31/9999,-75,500022,Harris Sachs
V,ZRSA,SYUS,1,831,Royalty % Licensr1,GVM,DO NOT USE - USE MG5 GGR,4/1/2015,12/31/9999,-75,500022,Harris Sachs
V,ZRSA,SYUS,1,831,Royalty % Licensr1,GVC,DO NOT USE - USE MG5 GGR,4/1/2015,12/31/9999,-75,500022,Harris Sachs
V,ZRSA,SYUS,1,831,Royalty % Licensr1,GTR,DO NOT USE - USE MG5 GGR,4/1/2015,12/31/9999,-75,500022,Harris Sachs
V,ZRSA,SYUS,1,831,Royalty % Licensr1,GTM,DO NOT USE - USE MG5 GGR,4/1/2015,12/31/9999,-75,500022,Harris Sachs
V,ZRSA,SYUS,1,831,Royalty % Licensr1,GTC,DO NOT USE - USE MG5 GGR,4/1/2015,12/31/9999,-75,500022,Harris Sachs
V,ZRSA,SYUS,1,831,Royalty % Licensr1,GRM,DO NOT USE - USE MG5 GGR,4/1/2015,12/31/9999,-75,500022,Harris Sachs
V,ZRSA,SYUS,1,831,Royalty % Licensr1,GRC,DO NOT USE - USE MG5 GGR,4/1/2015,12/31/9999,-75,500022,Harris Sachs
V,ZRSA,SYUS,1,831,Royalty % Licensr1,GOM,DO NOT USE - USE MG5 GGR,4/1/2015,12/31/9999,-75,500022,Harris Sachs
V,ZRSA,SYUS,1,831,Royalty % Licensr1,GOC,DO NOT USE - USE MG5 GGR,4/1/2015,12/31/9999,-75,500022,Harris Sachs
V,ZRSA,SYUS,1,831,Royalty % Licensr1,GMR,DO NOT USE - USE MG5 GGR,4/1/2015,12/31/9999,-75,500022,Harris Sachs
V,ZRSA,SYUS,1,831,Royalty % Licensr1,GMD,DO NOT USE - USE MG5 GGR,4/1/2015,12/31/9999,-75,500022,Harris Sachs
V,ZRSA,SYUS,1,831,Royalty % Licensr1,GMC,DO NOT USE - USE MG5 GGR,4/1/2015,12/31/9999,-75,500022,Harris Sachs
V,ZRSA,SYUS,1,831,Royalty % Licensr1,GKR,DO NOT USE - USE MG5 GGR,4/1/2015,12/31/9999,-75,500022,Harris Sachs
V,ZRSA,SYUS,1,831,Royalty % Licensr1,GKM,DO NOT USE - USE MG5 GGR,4/1/2015,12/31/9999,-75,500022,Harris Sachs
V,ZRSA,SYUS,1,831,Royalty % Licensr1,GKC,DO NOT USE - USE MG5 GGR,4/1/2015,12/31/9999,-75,500022,Harris Sachs
V,ZRSA,SYUS,1,831,Royalty % Licensr1,GGR,LTB-GALAXY OF GRAPHICS,4/1/2015,12/31/9999,-75,500022,Harris Sachs
V,ZRSA,SYUS,1,831,Royalty % Licensr1,GGL,DO NOT USE - USE MG5 GGR,4/1/2015,12/31/9999,-75,500022,Harris Sachs
V,ZRSA,SYUS,1,831,Royalty % Licensr1,GCR,DO NOT USE - USE MG5 GGR,4/1/2015,12/31/9999,-75,500022,Harris Sachs
V,ZRSA,SYUS,1,831,Royalty % Licensr1,GCM,DO NOT USE - USE MG5 GGR,4/1/2015,12/31/9999,-75,500022,Harris Sachs
V,ZRSA,SYUS,1,831,Royalty % Licensr1,GCC,DO NOT USE - USE MG5 GGR,4/1/2015,12/31/9999,-75,500022,Harris Sachs
V,ZRSA,SYUS,1,831,Royalty % Licensr1,G0R,DO NOT USE - USE MG5 GGR,4/1/2015,12/31/9999,-75,500022,Harris Sachs
V,ZRSA,SYUS,1,831,Royalty % Licensr1,FID,DO NOT USE - USE MG5 DA5,4/1/2015,12/31/9999,-75,500022,Harris Sachs
V,ZRSA,SYUS,1,831,Royalty % Licensr1,DA5,PENNY LANE PUBLISHING,4/1/2015,12/31/9999,-75,500022,Harris Sachs
V,ZRSA,SYUS,1,831,Royalty % Licensr1,DA3,DO NOT USE - USE MG5 DA5,4/1/2015,12/31/9999,-75,500022,Harris Sachs
V,ZRSA,SYUS,1,831,Royalty % Licensr1,DA1,DO NOT USE - USE MG5 DA5,4/1/2015,12/31/9999,-75,500022,Harris Sachs
V,ZRSA,SYUS,1,831,Royalty % Licensr1,CMH,LORILYNN SIMMS-HOL SCRIPT - MASS 3%,4/1/2015,12/31/9999,-75,500022,Harris Sachs
V,ZRSA,SYUS,1,831,Royalty % Licensr1,CLR,LORILYNN SIMMS-EATWELL- RETAIL4%,4/1/2015,12/31/9999,-75,500022,Harris Sachs
V,ZRSA,SYUS,1,831,Royalty % Licensr1,CLM,LORILYNN SIMMS-EATWELL - MASS 3%,4/1/2015,12/31/9999,-75,500022,Harris Sachs
V,ZRSA,SYUS,1,831,Royalty % Licensr1,CLH,DO NOT USE - USE MG5 CDP,4/1/2015,12/31/9999,-75,500022,Harris Sachs
V,ZRSA,SYUS,1,831,Royalty % Licensr1,CDS,DO NOT USE - USE MG5 CDP,4/1/2015,12/31/9999,-75,500022,Harris Sachs
V,ZRSA,SYUS,1,832,Royalty % Licensr1,HOR,MOSSY OAK,4/1/2015,12/31/9999,-20,500120,Haas Outdoors  Inc
V,ZRSA,SYUS,1,832,Royalty % Licensr1,HOM,DO NOT USE - USE MG5 HOR,4/1/2015,12/31/9999,-20,500120,Haas Outdoors  Inc
V,ZRSA,SYUS,1,832,Royalty % Licensr1,HOC,DO NOT USE - USE MG5 HOR,4/1/2015,12/31/9999,-20,500120,Haas Outdoors  Inc
V,ZRSA,SYUS,1,835,Royalty % Licensr1,HWP,DEBBIE MEYER - HOUSEWARE PRODUCTS,4/1/2015,12/31/9999,-75,500122,Houseware America  Inc
V,ZRSA,SYUS,1,835,Royalty % Licensr1,HWC,DO NOT USE - USE MG5 HWP,4/1/2015,12/31/9999,-75,500122,Houseware America  Inc
V,ZRSA,SYUS,1,835,Royalty % Licensr1,HW7,DEBBIE MEYER - BAGS,4/1/2015,12/31/9999,-75,500122,Houseware America  Inc
V,ZRSA,SYUS,1,835,Royalty % Licensr1,HW6,DEBBIE MEYER DISHWASHERPALTM,4/1/2015,12/31/9999,-75,500122,Houseware America  Inc
V,ZRSA,SYUS,1,835,Royalty % Licensr1,HW5,DEBBIE MEYER GENIUSRACKTM,4/1/2015,12/31/9999,-75,500122,Houseware America  Inc
V,ZRSA,SYUS,1,835,Royalty % Licensr1,HW4,DEBBIE MEYER CUPCAKE GENIUS TM,4/1/2015,12/31/9999,-75,500122,Houseware America  Inc
V,ZRSA,SYUS,1,835,Royalty % Licensr1,HW3,DEBBIE MEYER BUFFET GENIUS TM,4/1/2015,12/31/9999,-75,500122,Houseware America  Inc
V,ZRSA,SYUS,1,835,Royalty % Licensr1,HW2,DEBBIE MEYER GENIUS VAC BAGSTM,4/1/2015,12/31/9999,-75,500122,Houseware America  Inc
V,ZRSA,SYUS,1,835,Royalty % Licensr1,HW1,DEBBIE MEYER GENIUS VACTM,4/1/2015,12/31/9999,-75,500122,Houseware America  Inc
V,ZRSA,SYUS,1,836,Royalty % Licensr1,SNF,DO NOT USE - USE MG5 IPC,4/1/2015,12/31/9999,-75,500024,Ideavillage products Corp
V,ZRSA,SYUS,1,836,Royalty % Licensr1,IPC,SNACK TOPPER - IDEAVILLAGE,4/1/2015,12/31/9999,-75,500024,Ideavillage products Corp
V,ZRSA,SYUS,1,836,Royalty % Licensr1,EGG,EGGZOOKA - IDEAVILLAGE,4/1/2015,12/31/9999,-75,500024,Ideavillage products Corp
V,ZRSA,SYUS,1,837,Royalty % Licensr1,MSR,DO NOT USE - USE MDR,4/1/2015,12/31/9999,-75,500123,International Tableware LTD d/b/a I
V,ZRSA,SYUS,1,837,Royalty % Licensr1,MSD,DO NOT USE - USE MDR,4/1/2015,12/31/9999,-75,500123,International Tableware LTD d/b/a I
V,ZRSA,SYUS,1,837,Royalty % Licensr1,MDR,INT'L TABLEWARE LTD D/B/A INK DISH,4/1/2015,12/31/9999,-75,500123,International Tableware LTD d/b/a I
V,ZRSA,SYUS,1,837,Royalty % Licensr1,MDC,DO NOT USE - USE MDR,4/1/2015,12/31/9999,-75,500123,International Tableware LTD d/b/a I
V,ZRSA,SYUS,1,838,Royalty % Licensr1,JKM,DO NOT USE - USE MG5 JKD,4/1/2015,12/31/9999,-75,500025,Jen Killeen
V,ZRSA,SYUS,1,838,Royalty % Licensr1,JKD,Jen Killeen Designs,4/1/2015,12/31/9999,-75,500025,Jen Killeen
V,ZRSA,SYUS,1,841,Royalty % Licensr1,LRW,EASY OPEN COLANDER REDUCED WHOLESALE CL,4/1/2015,12/31/9999,-75,500028,Lesia K and company
V,ZRSA,SYUS,1,841,Royalty % Licensr1,LRQ,DO NOT USE - USE MG5 ERF,4/1/2015,12/31/9999,-75,500028,Lesia K and company
V,ZRSA,SYUS,1,841,Royalty % Licensr1,KER,KITCHEN AID & LESIA K - EASY RELEASE,4/1/2015,12/31/9999,-75,500028,Lesia K and company
V,ZRSA,SYUS,1,841,Royalty % Licensr1,ERF,LESIA K & CO-EASY RELEASE FOOD CONTAINER,4/1/2015,12/31/9999,-75,500028,Lesia K and company
V,ZRSA,SYUS,1,844,Royalty % Licensr1,MHL,Marinating-Season Stick Retail < 2.99,4/1/2015,12/31/9999,-75,500114,Mary L Hunter
V,ZRSA,SYUS,1,844,Royalty % Licensr1,MHG,Marinating-Season Stick Retail > 2.99,4/1/2015,12/31/9999,-75,500114,Mary L Hunter
V,ZRSA,SYUS,1,845,Royalty % Licensr1,MEU,CRUMBS AWAY UTILITY TRAY - US,4/1/2015,12/31/9999,-75,500115,Meglareen LLC
V,ZRSA,SYUS,1,845,Royalty % Licensr1,MED,CRUMBS AWAY UTILITY TRAY OUTSIDE US,4/1/2015,12/31/9999,-75,500115,Meglareen LLC
V,ZRSA,SYUS,1,846,Royalty % Licensr1,RRM,LIQUID MOTION - ROTISSERIE ROASTER,4/1/2015,12/31/9999,-10,500033,Liquid Motion
V,ZRSA,SYUS,1,846,Royalty % Licensr1,MRR,ROTISS ROASTER AS SEEN ON TV-EXPIRED,4/1/2015,12/31/9999,-10,500033,Liquid Motion
V,ZRSA,SYUS,1,846,Royalty % Licensr1,MRC,ROTISS ROASTER DRTV COMM SALES-EXPIRED,4/1/2015,12/31/9999,-10,500033,Liquid Motion
V,ZRSA,SYUS,1,846,Royalty % Licensr1,MIO,LIQUID MOTION (MISTO) & SAVORA SPRAYER,4/1/2015,12/31/9999,-10,500033,Liquid Motion
V,ZRSA,SYUS,1,846,Royalty % Licensr1,MI5,LIQUID MOTION (MISTO-NON-METAL SPRAYERS),4/1/2015,12/31/9999,-10,500033,Liquid Motion
V,ZRSA,SYUS,1,846,Royalty % Licensr1,MI2,LIQUID MOTION (MISTO - NON-SPRAYERS),4/1/2015,12/31/9999,-10,500033,Liquid Motion
V,ZRSA,SYUS,1,847,Royalty % Licensr1,HAT,DO NOT USE - USE MG5 HAE,4/1/2015,12/31/9999,-75,500035,Monashee
V,ZRSA,SYUS,1,847,Royalty % Licensr1,HAE,HANTOVER - EMPTY BLOCKS,4/1/2015,12/31/9999,-75,500035,Monashee
V,ZRSA,SYUS,1,847,Royalty % Licensr1,FHR,DO NOT USE - USE MG5 FHA,4/1/2015,12/31/9999,-75,500035,Monashee
V,ZRSA,SYUS,1,847,Royalty % Licensr1,FHK,FOOD HUG RTL KA 3%,4/1/2015,12/31/9999,-75,500035,Monashee
V,ZRSA,SYUS,1,847,Royalty % Licensr1,FHA,FOOD HUG RTL IN ALL CNTRY NON KA 3.5%,4/1/2015,12/31/9999,-75,500035,Monashee
V,ZRSA,SYUS,1,847,Royalty % Licensr1,ERF,LESIA K & CO-EASY RELEASE FOOD CONTAINER,4/1/2015,12/31/9999,-75,500035,Monashee
V,ZRSA,SYUS,1,847,Royalty % Licensr1,EGG,EGGZOOKA - IDEAVILLAGE,4/1/2015,12/31/9999,-75,500035,Monashee
V,ZRSA,SYUS,1,847,Royalty % Licensr1,DRR,DO NOT USE - USE MG5 DFB,4/1/2015,12/31/9999,-75,500035,Monashee
V,ZRSA,SYUS,1,847,Royalty % Licensr1,DRK,DO NOT USE - USE MG5 DFB,4/1/2015,12/31/9999,-75,500035,Monashee
V,ZRSA,SYUS,1,847,Royalty % Licensr1,DRA,D GREENBERG REDUCED 1.5%,4/1/2015,12/31/9999,-75,500035,Monashee
V,ZRSA,SYUS,1,847,Royalty % Licensr1,DKC,DANIEL GREENBERG-KA OR CUISINART,4/1/2015,12/31/9999,-75,500035,Monashee
V,ZRSA,SYUS,1,847,Royalty % Licensr1,DGR,DANIEL GREENBERG-NON KA OR CUISINART,4/1/2015,12/31/9999,-75,500035,Monashee
V,ZRSA,SYUS,1,847,Royalty % Licensr1,DFB,FARBERWARE & DAN GREENBERG,4/1/2015,12/31/9999,-75,500035,Monashee
V,ZRSA,SYUS,1,847,Royalty % Licensr1,DAL,PRODUCE FRESHES-RETAIL<2.99,4/1/2015,12/31/9999,-75,500035,Monashee
V,ZRSA,SYUS,1,847,Royalty % Licensr1,DAG,PRODUCE FRESHES-RETAIL > 2.99,4/1/2015,12/31/9999,-75,500035,Monashee
V,ZRSA,SYUS,1,847,Royalty % Licensr1,CYW,Snap Hook (Snap N Hang),4/1/2015,12/31/9999,-75,500035,Monashee
V,ZRSA,SYUS,1,847,Royalty % Licensr1,CYK,SNAP HOOK KA BRANDED,4/1/2015,12/31/9999,-75,500035,Monashee
V,ZRSA,SYUS,1,847,Royalty % Licensr1,CEI,CULINARY EXPRESSIONS - KITCHEN GADGETS,4/1/2015,12/31/9999,-75,500035,Monashee
V,ZRSA,SYUS,1,847,Royalty % Licensr1,CAT,CATANNA LLC CUTLERY CUP NON KITCHENAD 5%,4/1/2015,12/31/9999,-75,500035,Monashee
V,ZRSA,SYUS,1,847,Royalty % Licensr1,CAR,TERRIFIC TUNA CAN OPENER,4/1/2015,12/31/9999,-75,500035,Monashee
V,ZRSA,SYUS,1,847,Royalty % Licensr1,CAK,CATANNA LLC CUTLERY CUP KITCHENAID 3%,4/1/2015,12/31/9999,-75,500035,Monashee
V,ZRSA,SYUS,1,847,Royalty % Licensr1,BBG,BAGEL BITER – GOOD IDEA,4/1/2015,12/31/9999,-75,500035,Monashee
V,ZRSA,SYUS,1,847,Royalty % Licensr1,BBC,DO NOT USE - USE MG5 BBG,4/1/2015,12/31/9999,-75,500035,Monashee
V,ZRSA,SYUS,1,847,Royalty % Licensr1,AT5,ADJUSTABLE TONGS - NON KA,4/1/2015,12/31/9999,-75,500035,Monashee
V,ZRSA,SYUS,1,847,Royalty % Licensr1,AT4,ADJUSTABLE TONGS - KA,4/1/2015,12/31/9999,-75,500035,Monashee
V,ZRSA,SYUS,1,847,Royalty % Licensr1,SNF,DO NOT USE - USE MG5 IPC,4/1/2015,12/31/9999,-75,500035,Monashee
V,ZRSA,SYUS,1,847,Royalty % Licensr1,SNA,SNACK TAPE - STAYSEAL,4/1/2015,12/31/9999,-75,500035,Monashee
V,ZRSA,SYUS,1,847,Royalty % Licensr1,RRM,LIQUID MOTION - ROTISSERIE ROASTER,4/1/2015,12/31/9999,-75,500035,Monashee
V,ZRSA,SYUS,1,847,Royalty % Licensr1,PT5,PULL TIES-NON KA BRAND -LICENSE EXPIRED,4/1/2015,12/31/9999,-75,500035,Monashee
V,ZRSA,SYUS,1,847,Royalty % Licensr1,PT4,PULL TIES - KA BRAND - LICENSE EXPIRED,4/1/2015,12/31/9999,-75,500035,Monashee
V,ZRSA,SYUS,1,847,Royalty % Licensr1,PC5,TRIDENT DESIGN (PITZO PIZZA CUTTER),4/1/2015,12/31/9999,-75,500035,Monashee
V,ZRSA,SYUS,1,847,Royalty % Licensr1,PC3,DO NOT USE - USE MG5 PC5,4/1/2015,12/31/9999,-75,500035,Monashee
V,ZRSA,SYUS,1,847,Royalty % Licensr1,OFT,FOOD TENT - EDISON NATION,4/1/2015,12/31/9999,-75,500035,Monashee
V,ZRSA,SYUS,1,847,Royalty % Licensr1,MRR,ROTISS ROASTER AS SEEN ON TV-EXPIRED,4/1/2015,12/31/9999,-75,500035,Monashee
V,ZRSA,SYUS,1,847,Royalty % Licensr1,MRC,ROTISS ROASTER DRTV COMM SALES-EXPIRED,4/1/2015,12/31/9999,-75,500035,Monashee
V,ZRSA,SYUS,1,847,Royalty % Licensr1,MHL,Marinating-Season Stick Retail < 2.99,4/1/2015,12/31/9999,-75,500035,Monashee
V,ZRSA,SYUS,1,847,Royalty % Licensr1,MHG,Marinating-Season Stick Retail > 2.99,4/1/2015,12/31/9999,-75,500035,Monashee
V,ZRSA,SYUS,1,847,Royalty % Licensr1,MEU,CRUMBS AWAY UTILITY TRAY - US,4/1/2015,12/31/9999,-75,500035,Monashee
V,ZRSA,SYUS,1,847,Royalty % Licensr1,MED,CRUMBS AWAY UTILITY TRAY OUTSIDE US,4/1/2015,12/31/9999,-75,500035,Monashee
V,ZRSA,SYUS,1,847,Royalty % Licensr1,MAG,MAGLID,4/1/2015,12/31/9999,-75,500035,Monashee
V,ZRSA,SYUS,1,847,Royalty % Licensr1,LRW,EASY OPEN COLANDER REDUCED WHOLESALE CL,4/1/2015,12/31/9999,-75,500035,Monashee
V,ZRSA,SYUS,1,847,Royalty % Licensr1,LRQ,DO NOT USE - USE MG5 ERF,4/1/2015,12/31/9999,-75,500035,Monashee
V,ZRSA,SYUS,1,847,Royalty % Licensr1,KER,KITCHEN AID & LESIA K - EASY RELEASE,4/1/2015,12/31/9999,-75,500035,Monashee
V,ZRSA,SYUS,1,847,Royalty % Licensr1,JCK,JC FOLDING SPLATTER SCREEN KA 2%,4/1/2015,12/31/9999,-75,500035,Monashee
V,ZRSA,SYUS,1,847,Royalty % Licensr1,JCA,JC FOLDING SPLATTER SCREEN NON KA 3%,4/1/2015,12/31/9999,-75,500035,Monashee
V,ZRSA,SYUS,1,847,Royalty % Licensr1,IPC,SNACK TOPPER - IDEAVILLAGE,4/1/2015,12/31/9999,-75,500035,Monashee
V,ZRSA,SYUS,1,847,Royalty % Licensr1,HW7,DEBBIE MEYER - BAGS,4/1/2015,12/31/9999,-75,500035,Monashee
V,ZRSA,SYUS,1,847,Royalty % Licensr1,HEA,HEALY INTL THERMAL REGULATING INSERT 3%,4/1/2015,12/31/9999,-75,500035,Monashee
V,ZRSA,SYUS,1,847,Royalty % Licensr1,HD5,JOHN ROMANO HOT DOG STUFFER - NON KA,4/1/2015,12/31/9999,-75,500035,Monashee
V,ZRSA,SYUS,1,847,Royalty % Licensr1,HD3,JOHN ROMANO HOT DOG STUFFER - KA,4/1/2015,12/31/9999,-75,500035,Monashee
V,ZRSA,SYUS,1,849,Royalty % Licensr1,NAI,DNU,4/1/2015,12/31/9999,-50,500036,Nautica
V,ZRSA,SYUS,1,849,Royalty % Licensr1,NA6,NAUTICA - FLATWARE,4/1/2015,12/31/9999,-50,500036,Nautica
V,ZRSA,SYUS,1,849,Royalty % Licensr1,NA5,NAUTICA - PANTRYWARE,4/1/2015,12/31/9999,-50,500036,Nautica
V,ZRSA,SYUS,1,849,Royalty % Licensr1,NA4,NAUTICA - LIGHTING ITEMS,4/1/2015,12/31/9999,-50,500036,Nautica
V,ZRSA,SYUS,1,849,Royalty % Licensr1,NA3,NAUTICA - BEVERAGEWARE,4/1/2015,12/31/9999,-50,500036,Nautica
V,ZRSA,SYUS,1,849,Royalty % Licensr1,NA2,NAUTICA - ACCESSORIES,4/1/2015,12/31/9999,-50,500036,Nautica
V,ZRSA,SYUS,1,849,Royalty % Licensr1,NA1,NAUTICA - DINNERWARE,4/1/2015,12/31/9999,-50,500036,Nautica
V,ZRSA,SYUS,1,850,Royalty % Licensr1,NSG,Neil Snow Globes,4/1/2015,12/31/9999,-75,500037,Neil Enterprise
V,ZRSA,SYUS,1,851,Royalty % Licensr1,NSR,DO NOT USE - USE MG5 NSM,4/1/2015,12/31/9999,-75,500125,North South Partners LLC
V,ZRSA,SYUS,1,851,Royalty % Licensr1,NSM,NORTH SOUTH PARTNERS (WORLD ART GROUP),4/1/2015,12/31/9999,-75,500125,North South Partners LLC
V,ZRSA,SYUS,1,852,Royalty % Licensr1,CSB,DO NOT USE - USE MG5 CS3,4/1/2015,12/31/9999,-75,500116,Otto International LLC
V,ZRSA,SYUS,1,852,Royalty % Licensr1,OIB,BOMBAY,4/1/2015,12/31/9999,-75,500116,Otto International LLC
V,ZRSA,SYUS,1,853,Royalty % Licensr1,PBD,Paul Brent Designer,4/1/2015,12/31/9999,-75,500038,Paul brent Designer Inc
V,ZRSA,SYUS,1,853,Royalty % Licensr1,PB1,DO NOT USE - USE MG5 PBD,4/1/2015,12/31/9999,-75,500038,Paul brent Designer Inc
V,ZRSA,SYUS,1,854,Royalty % Licensr1,PTC,PEDRINI ODOR ABSORB SPLAT SCREEN COSTCO,4/1/2015,12/31/9999,-75,500039,Pedrini PPL
V,ZRSA,SYUS,1,854,Royalty % Licensr1,PWB,Pedrini water bottles,4/1/2015,12/31/9999,-75,500039,Pedrini PPL
V,ZRSA,SYUS,1,854,Royalty % Licensr1,PTT,Pedrini tabletop,4/1/2015,12/31/9999,-75,500039,Pedrini PPL
V,ZRSA,SYUS,1,854,Royalty % Licensr1,PTM,Pedrini travel mug,4/1/2015,12/31/9999,-75,500039,Pedrini PPL
V,ZRSA,SYUS,1,854,Royalty % Licensr1,PTK,PEDRINI - TEA KETTLES,4/1/2015,12/31/9999,-75,500039,Pedrini PPL
V,ZRSA,SYUS,1,854,Royalty % Licensr1,PSB,Pedrini PPZ Societa Silicone Bakeware,4/1/2015,12/31/9999,-75,500039,Pedrini PPL
V,ZRSA,SYUS,1,854,Royalty % Licensr1,PPT,Pedrini Perfect Tears,4/1/2015,12/31/9999,-75,500039,Pedrini PPL
V,ZRSA,SYUS,1,854,Royalty % Licensr1,PPB,Pedrini PPZ Societa Paper Bakeware,4/1/2015,12/31/9999,-75,500039,Pedrini PPL
V,ZRSA,SYUS,1,854,Royalty % Licensr1,POB,Pedrini PPZ Societa Other Bakeware,4/1/2015,12/31/9999,-75,500039,Pedrini PPL
V,ZRSA,SYUS,1,854,Royalty % Licensr1,PHY,pedrini hydration,4/1/2015,12/31/9999,-75,500039,Pedrini PPL
V,ZRSA,SYUS,1,854,Royalty % Licensr1,PGT,Pedrini PPZ Societa Gadgets & Tools,4/1/2015,12/31/9999,-75,500039,Pedrini PPL
V,ZRSA,SYUS,1,854,Royalty % Licensr1,PFL,Pedrini flatware,4/1/2015,12/31/9999,-75,500039,Pedrini PPL
V,ZRSA,SYUS,1,854,Royalty % Licensr1,PEL,Pedrini ECO Life,4/1/2015,12/31/9999,-75,500039,Pedrini PPL
V,ZRSA,SYUS,1,854,Royalty % Licensr1,PCW,Pedrini Cookware,4/1/2015,12/31/9999,-75,500039,Pedrini PPL
V,ZRSA,SYUS,1,854,Royalty % Licensr1,PCO,Pedrini override 3%,4/1/2015,12/31/9999,-75,500039,Pedrini PPL
V,ZRSA,SYUS,1,854,Royalty % Licensr1,PCC,Pedrini PPZ Societa Cutlery/Cutting Boar,4/1/2015,12/31/9999,-75,500039,Pedrini PPL
V,ZRSA,SYUS,1,854,Royalty % Licensr1,PAM,PEDRINI & LIQUID MOTION (MISTO),4/1/2015,12/31/9999,-75,500039,Pedrini PPL
V,ZRSA,SYUS,1,855,Royalty % Licensr1,PEW,DO NOT USE - USE MG5 DA5,4/1/2015,12/31/9999,-75,500040,Penny Lane Publishing
V,ZRSA,SYUS,1,855,Royalty % Licensr1,FID,DO NOT USE - USE MG5 DA5,4/1/2015,12/31/9999,-75,500040,Penny Lane Publishing
V,ZRSA,SYUS,1,855,Royalty % Licensr1,DA5,PENNY LANE PUBLISHING,4/1/2015,12/31/9999,-75,500040,Penny Lane Publishing
V,ZRSA,SYUS,1,855,Royalty % Licensr1,DA3,DO NOT USE - USE MG5 DA5,4/1/2015,12/31/9999,-75,500040,Penny Lane Publishing
V,ZRSA,SYUS,1,855,Royalty % Licensr1,DA1,DO NOT USE - USE MG5 DA5,4/1/2015,12/31/9999,-75,500040,Penny Lane Publishing
V,ZRSA,SYUS,1,856,Royalty % Licensr1,VPT,VASCONIA PERFECT TEARS - DO NOT USE,4/1/2015,12/31/9999,-75,500041,Perfect Tears ( to HR)
V,ZRSA,SYUS,1,856,Royalty % Licensr1,PTE,Perfect Tear,4/1/2015,12/31/9999,-75,500041,Perfect Tears ( to HR)
V,ZRSA,SYUS,1,856,Royalty % Licensr1,PPT,Pedrini Perfect Tears,4/1/2015,12/31/9999,-75,500041,Perfect Tears ( to HR)
V,ZRSA,SYUS,1,856,Royalty % Licensr1,PGF,GUY FIERI PERFECT TEAR,4/1/2015,12/31/9999,-75,500041,Perfect Tears ( to HR)
V,ZRSA,SYUS,1,856,Royalty % Licensr1,KPT,KITCHENAID PERFECT TEARS-LICENSE EXPIRED,4/1/2015,12/31/9999,-75,500041,Perfect Tears ( to HR)
V,ZRSA,SYUS,1,856,Royalty % Licensr1,FPT,Farberware Perfect Tears,4/1/2015,12/31/9999,-75,500041,Perfect Tears ( to HR)
V,ZRSA,SYUS,1,856,Royalty % Licensr1,CPT,CUISINART PERFECT TEAR,4/1/2015,12/31/9999,-75,500041,Perfect Tears ( to HR)
V,ZRSA,SYUS,1,858,Royalty % Licensr1,PTR,POOCHINI & TIEGREEN RTL 5%,4/1/2015,12/31/9999,-75,500043,Poochini and Friends
V,ZRSA,SYUS,1,858,Royalty % Licensr1,PTL,POOCHINI & TIEGREEN - MERISELLA,4/1/2015,12/31/9999,-75,500043,Poochini and Friends
V,ZRSA,SYUS,1,858,Royalty % Licensr1,PFV,POOCHINI & TIEGREEN - VILLA DE LA LUNA,4/1/2015,12/31/9999,-75,500043,Poochini and Friends
V,ZRSA,SYUS,1,858,Royalty % Licensr1,PFP,POOCHINI & TIEGREEN - PISTOULET,4/1/2015,12/31/9999,-75,500043,Poochini and Friends
V,ZRSA,SYUS,1,859,Royalty % Licensr1,SMD,SABATIER BRAND WITH 2% MYDESIGN GROUP,4/1/2015,5/31/2015,-0.5,500044,Sabatier
V,ZRSA,SYUS,1,859,Royalty % Licensr1,SC1,SABATIER 2% COZZOLINO DESIGN,4/1/2015,5/31/2015,-0.5,500044,Sabatier
V,ZRSA,SYUS,1,859,Royalty % Licensr1,SAB,LTB-SABATIER-ROUSSELON FRERES,4/1/2015,5/31/2015,-0.5,500044,Sabatier
V,ZRSA,SYUS,1,859,Royalty % Licensr1,228,CT SABATIER,4/1/2015,5/31/2015,-0.5,500044,Sabatier
V,ZRSA,SYUS,1,859,Royalty % Licensr1,SA1,SABATIER DISHRACKS -2%,4/1/2015,12/31/9999,-50,500044,Sabatier
V,ZRSA,SYUS,1,860,Royalty % Licensr1,SFS,SAL FIOLA UNIVERSAL SHELF ORGANIZER,4/1/2015,12/31/9999,-75,500045,Sal Fiola
V,ZRSA,SYUS,1,860,Royalty % Licensr1,SFI,Sal Fiola,4/1/2015,12/31/9999,-75,500045,Sal Fiola
V,ZRSA,SYUS,1,860,Royalty % Licensr1,SF2,SAL FIOLA DOUBLE SIDED NAPKIN HOLDER,4/1/2015,12/31/9999,-75,500045,Sal Fiola
V,ZRSA,SYUS,1,862,Royalty % Licensr1,SOH,SOHO Spice,4/1/2015,12/31/9999,-50,500047,SOHO Spices  Inc.
V,ZRSA,SYUS,1,865,Royalty % Licensr1,TA5,Thaddeus Alemao  - not KA,4/1/2015,12/31/9999,-75,500050,Thaddeus Alemao
V,ZRSA,SYUS,1,865,Royalty % Licensr1,TA3,Thaddeus Alemao  - KA,4/1/2015,12/31/9999,-75,500050,Thaddeus Alemao
V,ZRSA,SYUS,1,865,Royalty % Licensr1,TA2,DO NOT USE - USE TA5,4/1/2015,12/31/9999,-75,500050,Thaddeus Alemao
V,ZRSA,SYUS,1,865,Royalty % Licensr1,PTC,PEDRINI ODOR ABSORB SPLAT SCREEN COSTCO,4/1/2015,12/31/9999,-75,500050,Thaddeus Alemao
V,ZRSA,SYUS,1,865,Royalty % Licensr1,PTA,PEDRINI & THADEUS ALEMAO (ODOR ABSORB),4/1/2015,12/31/9999,-75,500050,Thaddeus Alemao
V,ZRSA,SYUS,1,867,Royalty % Licensr1,CCH,COFFEE CAPSULE HOLDER,4/1/2015,12/31/9999,-75,500052,Think up innovations
V,ZRSA,SYUS,1,869,Royalty % Licensr1,PC5,TRIDENT DESIGN (PITZO PIZZA CUTTER),4/1/2015,12/31/9999,-75,500054,Trident Design LLC
V,ZRSA,SYUS,1,869,Royalty % Licensr1,PC3,DO NOT USE - USE MG5 PC5,4/1/2015,12/31/9999,-75,500054,Trident Design LLC
V,ZRSA,SYUS,1,870,Royalty % Licensr1,SPM,DO NOT USE - USE MG5 SAP,4/1/2015,12/31/9999,-75,500055,TSB Sapna
V,ZRSA,SYUS,1,870,Royalty % Licensr1,SAP,TSB & Company Sapna,4/1/2015,12/31/9999,-75,500055,TSB Sapna
V,ZRSA,SYUS,1,871,Royalty % Licensr1,VPT,VASCONIA PERFECT TEARS - DO NOT USE,4/1/2015,12/31/9999,-75,500056,Grupo Vasconia
V,ZRSA,SYUS,1,871,Royalty % Licensr1,EKC,"Ekco, SAB (Vasconia)",4/1/2015,12/31/9999,-75,500056,Grupo Vasconia
V,ZRSA,SYUS,1,872,Royalty % Licensr1,WVR,DO NOT USE - USE MG5 WAV,4/1/2015,12/31/9999,-75,500057,Wild Apple Graphics
V,ZRSA,SYUS,1,872,Royalty % Licensr1,WVM,DO NOT USE - USE MG5 WAV,4/1/2015,12/31/9999,-75,500057,Wild Apple Graphics
V,ZRSA,SYUS,1,872,Royalty % Licensr1,WDR,DO NOT USE - USE MG5 WAV,4/1/2015,12/31/9999,-75,500057,Wild Apple Graphics
V,ZRSA,SYUS,1,872,Royalty % Licensr1,WDM,DO NOT USE - USE MG5 WAV,4/1/2015,12/31/9999,-75,500057,Wild Apple Graphics
V,ZRSA,SYUS,1,872,Royalty % Licensr1,WAV,LTB-WILD APPLE,4/1/2015,12/31/9999,-75,500057,Wild Apple Graphics
V,ZRSA,SYUS,1,872,Royalty % Licensr1,WAM,DO NOT USE - USE MG5 WAV,4/1/2015,12/31/9999,-75,500057,Wild Apple Graphics
V,ZRSA,SYUS,1,872,Royalty % Licensr1,VJN,DO NOT USE - USE MG5 WAV,4/1/2015,12/31/9999,-75,500057,Wild Apple Graphics
V,ZRSA,SYUS,1,872,Royalty % Licensr1,PSR,DO NOT USE - USE MG5 WAV,4/1/2015,12/31/9999,-75,500057,Wild Apple Graphics
V,ZRSA,SYUS,1,872,Royalty % Licensr1,PSM,DO NOT USE - USE MG5 WAV,4/1/2015,12/31/9999,-75,500057,Wild Apple Graphics
V,ZRSA,SYUS,1,872,Royalty % Licensr1,PEM,DO NOT USE - USE MG5 WAV,4/1/2015,12/31/9999,-75,500057,Wild Apple Graphics
V,ZRSA,SYUS,1,872,Royalty % Licensr1,PAR,DO NOT USE - USE MG5 WAV,4/1/2015,12/31/9999,-75,500057,Wild Apple Graphics
V,ZRSA,SYUS,1,872,Royalty % Licensr1,LIS,LISA AUDIT-WILD APPLE GRPHCS- EXPIRED,4/1/2015,12/31/9999,-75,500057,Wild Apple Graphics
V,ZRSA,SYUS,1,872,Royalty % Licensr1,LIM,DO NOT USE - USE MG5 WAV,4/1/2015,12/31/9999,-75,500057,Wild Apple Graphics
V,ZRSA,SYUS,1,872,Royalty % Licensr1,AVM,DO NOT USE - USE MG5 WAV,4/1/2015,12/31/9999,-75,500057,Wild Apple Graphics
V,ZRSA,SYUS,1,872,Royalty % Licensr1,AVE,DO NOT USE - USE MG5 WAV,4/1/2015,12/31/9999,-75,500057,Wild Apple Graphics
V,ZRSA,SYUS,1,872,Royalty % Licensr1,ATR,DO NOT USE - USE MG5 WAV,4/1/2015,12/31/9999,-75,500057,Wild Apple Graphics
V,ZRSA,SYUS,1,872,Royalty % Licensr1,ATM,DO NOT USE - USE MG5 WAV,4/1/2015,12/31/9999,-75,500057,Wild Apple Graphics
V,ZRSA,SYUS,1,873,Royalty % Licensr1,REO,REO BRAND (WORLD HUNGER YEAR),4/1/2015,12/31/9999,-75,500133,"WORLD HUNGER YEAR, INC"
V,ZRSA,SYUS,1,874,Royalty % Licensr1,YTZ,YUM TOOLS ZEELER PRODUCTS 8%,4/1/2015,12/31/9999,-75,500149,"Yum Tools, LLC"
V,ZRSA,SYUS,1,874,Royalty % Licensr1,YTR,YUM TOOLS ZEELER REPLACEMENT BLADE 10%,4/1/2015,12/31/9999,-75,500149,"Yum Tools, LLC"
V,ZRSA,SYUS,1,874,Royalty % Licensr1,YTO,YUM TOOLS OPEN HOLE CUT GRATE SYSTEM 5%,4/1/2015,12/31/9999,-75,500149,"Yum Tools, LLC"
V,ZRSA,SYUS,1,875,Royalty % Licensr1,TCP,TUNA CAN PRESS (ZACHARY HUGHS),4/1/2015,12/31/9999,-75,500058,Zachary Hughs
V,ZRSA,SYUS,1,879,Royalty % Licensr1,AMJ,GREEN SNOW - RETAIL,4/1/2015,12/31/9999,-50,500118,Angus McArthur & John Green
V,ZRSA,SYUS,1,890,Royalty % Licensr1,RAI,CHRISTOPHER RAIA,4/1/2015,12/31/9999,0,500101,Christopher Raia
V,ZRSA,SYUS,1,902,Royalty % Licensr1,HDR,HEATHER ALSTEAD DESIGN - RETAIL,4/1/2015,12/31/9999,-50,500121,Heather Alstead Design
V,ZRSA,SYUS,1,907,Royalty % Licensr1,JCD,J. CHILLIN DESIGN 5%,4/1/2015,12/31/9999,-50,500147,J. Chillin Design LLC
V,ZRSA,SYUS,1,911,Royalty % Licensr1,JH3,DO NOT USE - USE MG5 HOG,4/1/2015,12/31/9999,0,500088,Jason Higgins
V,ZRSA,SYUS,1,911,Royalty % Licensr1,JH2,DO NOT USE - USE MG5 HOG,4/1/2015,12/31/9999,0,500088,Jason Higgins
V,ZRSA,SYUS,1,911,Royalty % Licensr1,JH1,DO NOT USE - USE MG5 HOG,4/1/2015,12/31/9999,0,500088,Jason Higgins
V,ZRSA,SYUS,1,911,Royalty % Licensr1,HOG,JASON HIGGINS,4/1/2015,12/31/9999,0,500088,Jason Higgins
V,ZRSA,SYUS,1,911,Royalty % Licensr1,FFC,FRED JASON HIGGINS-FORTUNE CAKES CUPCAKE,4/1/2015,12/31/9999,0,500088,Jason Higgins
V,ZRSA,SYUS,1,914,Royalty % Licensr1,JSD,JETTE SCHEIB DESIGN 5%,4/1/2015,12/31/9999,-50,500148,Jette Scheib Design
V,ZRSA,SYUS,1,919,Royalty % Licensr1,JGD,JULIE GAILLARD DESIGN 8%,4/1/2015,12/31/9999,-50,500163,Julie Gaillard Design
V,ZRSA,SYUS,1,927,Royalty % Licensr1,RSR,R. SWINTON - TRAIN-STYLED CUPCAKE BAKING,4/1/2015,12/31/9999,-50,500127,Robert D Swinton
V,ZRSA,SYUS,1,930,Royalty % Licensr1,STO,SIBYLLE STOECKLI,4/1/2015,12/31/9999,-50,500106,Sibylle Stoeckli
V,ZRSA,SYUS,1,931,Royalty % Licensr1,SL1,STUDIO LEVIEN 5%,4/1/2015,12/31/9999,-50,500162,Studio Levien
V,ZRSA,SYUS,1,935,Royalty % Licensr1,SSS,THIRD PRIME (SKULL SHAPED SUGAR SHAKER),4/1/2015,12/31/9999,-50,500128,Third Prime  LLC
V,ZRSA,SYUS,1,935,Royalty % Licensr1,CDD,THIRD PRIME (CLEAN-DIRTY SIGN),4/1/2015,12/31/9999,-50,500128,Third Prime  LLC
V,ZRSA,SYUS,1,936,Royalty % Licensr1,WPP,DO NOT USE - USE MG5 WPH,4/1/2015,12/31/9999,-50,500129,Wishlist
V,ZRSA,SYUS,1,936,Royalty % Licensr1,WPH,WISHLIST - PEN AND PENCIL HOLDERS,4/1/2015,12/31/9999,-50,500129,Wishlist
V,ZRSA,SYCF,1,956,Royalty % Licensr1,CRM,DO NOT USE - USE MG5 CDP,4/1/2015,12/31/9999,-75,500007,Courtney Davis  Inc
V,ZRSA,SYCF,1,956,Royalty % Licensr1,CMH,LORILYNN SIMMS-HOL SCRIPT - MASS 3%,4/1/2015,12/31/9999,-75,500007,Courtney Davis  Inc
V,ZRSA,SYCF,1,956,Royalty % Licensr1,CLR,LORILYNN SIMMS-EATWELL- RETAIL4%,4/1/2015,12/31/9999,-75,500007,Courtney Davis  Inc
V,ZRSA,SYCF,1,956,Royalty % Licensr1,CLM,LORILYNN SIMMS-EATWELL - MASS 3%,4/1/2015,12/31/9999,-75,500007,Courtney Davis  Inc
V,ZRSA,SYCF,1,956,Royalty % Licensr1,CLH,DO NOT USE - USE MG5 CDP,4/1/2015,12/31/9999,-75,500007,Courtney Davis  Inc
V,ZRSA,SYCF,1,956,Royalty % Licensr1,CDS,DO NOT USE - USE MG5 CDP,4/1/2015,12/31/9999,-75,500007,Courtney Davis  Inc
V,ZRSA,SYCF,1,956,Royalty % Licensr1,CDP,COURTNEY DAVIS,4/1/2015,12/31/9999,-75,500007,Courtney Davis  Inc
V,ZRSA,SYCF,1,956,Royalty % Licensr1,CDM,DO NOT USE - USE MG5 CDP,4/1/2015,12/31/9999,-75,500007,Courtney Davis  Inc
V,ZRSA,SYCF,1,956,Royalty % Licensr1,CCR,DO NOT USE - USE MG5 CDP,4/1/2015,12/31/9999,-75,500007,Courtney Davis  Inc
V,ZRSA,SYCF,1,956,Royalty % Licensr1,CCM,LORILYNN SIMMS-HOL CHEER - MASS 3%,4/1/2015,12/31/9999,-75,500007,Courtney Davis  Inc
V,ZRSA,SYCF,1,965,Royalty % Licensr1,DDD,Davidson Design & Development,4/1/2015,12/31/9999,-75,500010,Marilyn Davidson
V,ZRSA,SYUS,1,854,Royalty % Licensr1,PTA,PEDRINI & THADEUS ALEMAO (ODOR ABSORB),4/1/2015,12/31/9999,-75,500039,Pedrini PPL
V,ZRSA,SYCF,1,956,Royalty % Licensr1,WBC,DO NOT USE - USE MG5 CDP,4/1/2015,12/31/9999,-75,500007,Courtney Davis  Inc
V,ZRSA,SYCF,1,956,Royalty % Licensr1,LSC,DO NOT USE - USE MG5 CDP,4/1/2015,12/31/9999,-75,500007,Courtney Davis  Inc
V,ZRSA,SYCF,1,956,Royalty % Licensr1,CRR,DO NOT USE - USE MG5 CDP,4/1/2015,12/31/9999,-75,500007,Courtney Davis  Inc
V,ZRSA,SYCF,1,974,Royalty % Licensr1,GTM,DO NOT USE - USE MG5 GGR,4/1/2015,12/31/9999,-75,500016,Galaxy of Graphics Licensing LLC
V,ZRSA,SYUS,1,814,Royalty % Licensr1,CGD,CUISINART 5% TRASHCAN,4/1/2015,12/31/9999,-75,500008,Conair
V,ZRSA,SYUS,1,847,Royalty % Licensr1,MM1,MONASHEE MKTG NO OTHER ROY DUE ON ITEM,4/1/2015,12/31/9999,-75,500035,Monashee
V,ZRSA,SYUS,1,859,Royalty % Licensr1,SMD,SABATIER BRAND WITH 2% MYDESIGN GROUP,6/1/2015,12/31/9999,-50,500044,Sabatier
V,ZRSA,SYUS,1,859,Royalty % Licensr1,SC1,SABATIER 2% COZZOLINO DESIGN,6/1/2015,12/31/9999,-50,500044,Sabatier
V,ZRSA,SYUS,1,859,Royalty % Licensr1,SAB,LTB-SABATIER-ROUSSELON FRERES,6/1/2015,12/31/9999,-50,500044,Sabatier
V,ZRSA,SYUS,1,859,Royalty % Licensr1,228,CT SABATIER,6/1/2015,12/31/9999,-50,500044,Sabatier
V,ZRSA,SYCF,1,974,Royalty % Licensr1,GVM,DO NOT USE - USE MG5 GGR,4/1/2015,12/31/9999,-75,500016,Galaxy of Graphics Licensing LLC
V,ZRSA,SYCF,1,974,Royalty % Licensr1,GVC,DO NOT USE - USE MG5 GGR,4/1/2015,12/31/9999,-75,500016,Galaxy of Graphics Licensing LLC
V,ZRSA,SYCF,1,974,Royalty % Licensr1,GTR,DO NOT USE - USE MG5 GGR,4/1/2015,12/31/9999,-75,500016,Galaxy of Graphics Licensing LLC
V,ZRSA,SYCF,1,974,Royalty % Licensr1,GTC,DO NOT USE - USE MG5 GGR,4/1/2015,12/31/9999,-75,500016,Galaxy of Graphics Licensing LLC
V,ZRSA,SYCF,1,974,Royalty % Licensr1,GRM,DO NOT USE - USE MG5 GGR,4/1/2015,12/31/9999,-75,500016,Galaxy of Graphics Licensing LLC
V,ZRSA,SYCF,1,974,Royalty % Licensr1,GRC,DO NOT USE - USE MG5 GGR,4/1/2015,12/31/9999,-75,500016,Galaxy of Graphics Licensing LLC
V,ZRSA,SYCF,1,974,Royalty % Licensr1,GOM,DO NOT USE - USE MG5 GGR,4/1/2015,12/31/9999,-75,500016,Galaxy of Graphics Licensing LLC
V,ZRSA,SYCF,1,974,Royalty % Licensr1,GOC,DO NOT USE - USE MG5 GGR,4/1/2015,12/31/9999,-75,500016,Galaxy of Graphics Licensing LLC
V,ZRSA,SYCF,1,974,Royalty % Licensr1,GMR,DO NOT USE - USE MG5 GGR,4/1/2015,12/31/9999,-75,500016,Galaxy of Graphics Licensing LLC
V,ZRSA,SYCF,1,974,Royalty % Licensr1,GMD,DO NOT USE - USE MG5 GGR,4/1/2015,12/31/9999,-75,500016,Galaxy of Graphics Licensing LLC
V,ZRSA,SYCF,1,974,Royalty % Licensr1,GMC,DO NOT USE - USE MG5 GGR,4/1/2015,12/31/9999,-75,500016,Galaxy of Graphics Licensing LLC
V,ZRSA,SYCF,1,974,Royalty % Licensr1,GKR,DO NOT USE - USE MG5 GGR,4/1/2015,12/31/9999,-75,500016,Galaxy of Graphics Licensing LLC
V,ZRSA,SYCF,1,974,Royalty % Licensr1,GKM,DO NOT USE - USE MG5 GGR,4/1/2015,12/31/9999,-75,500016,Galaxy of Graphics Licensing LLC
V,ZRSA,SYCF,1,974,Royalty % Licensr1,GKC,DO NOT USE - USE MG5 GGR,4/1/2015,12/31/9999,-75,500016,Galaxy of Graphics Licensing LLC
V,ZRSA,SYCF,1,974,Royalty % Licensr1,GGR,LTB-GALAXY OF GRAPHICS,4/1/2015,12/31/9999,-75,500016,Galaxy of Graphics Licensing LLC
V,ZRSA,SYCF,1,974,Royalty % Licensr1,GGL,DO NOT USE - USE MG5 GGR,4/1/2015,12/31/9999,-75,500016,Galaxy of Graphics Licensing LLC
V,ZRSA,SYCF,1,974,Royalty % Licensr1,GCR,DO NOT USE - USE MG5 GGR,4/1/2015,12/31/9999,-75,500016,Galaxy of Graphics Licensing LLC
V,ZRSA,SYCF,1,974,Royalty % Licensr1,GCM,DO NOT USE - USE MG5 GGR,4/1/2015,12/31/9999,-75,500016,Galaxy of Graphics Licensing LLC
V,ZRSA,SYCF,1,974,Royalty % Licensr1,GCC,DO NOT USE - USE MG5 GGR,4/1/2015,12/31/9999,-75,500016,Galaxy of Graphics Licensing LLC
V,ZRSA,SYCF,1,974,Royalty % Licensr1,G0R,DO NOT USE - USE MG5 GGR,4/1/2015,12/31/9999,-75,500016,Galaxy of Graphics Licensing LLC
V,ZRSA,SYCF,1,976,Royalty % Licensr1,GGD,Gerald Gulotta Design,4/1/2015,12/31/9999,-75,500017,Gerald Gulotta
V,ZRSA,SYCF,1,977,Royalty % Licensr1,LYP,GERALD LYPKA,4/1/2015,12/31/9999,-75,500018,Gerald Lypka
V,ZRSA,SYCF,1,978,Royalty % Licensr1,GPD,Gerald Patrick Designs,4/1/2015,12/31/9999,-75,500019,Geral Patrick Design
V,ZRSA,SYCF,1,979,Royalty % Licensr1,PGF,GUY FIERI PERFECT TEAR,4/1/2015,12/31/9999,-100,500020,Knuckle Sandwich LLC ( Guy Fieri)
V,ZRSA,SYCF,1,979,Royalty % Licensr1,GUY,GUY FIERI KITCHENWARE,4/1/2015,12/31/9999,-100,500020,Knuckle Sandwich LLC ( Guy Fieri)
V,ZRSA,SYCF,1,979,Royalty % Licensr1,GUC,GUY FIERI-CUTLERY PRODUCTS,4/1/2015,12/31/9999,-100,500020,Knuckle Sandwich LLC ( Guy Fieri)
V,ZRSA,SYCF,1,979,Royalty % Licensr1,GBM,BARBEQUE ACCESSORY PRODUCTS,4/1/2015,12/31/9999,-100,500020,Knuckle Sandwich LLC ( Guy Fieri)
V,ZRSA,SYCF,1,981,Royalty % Licensr1,GCM,DO NOT USE - USE MG5 GGR,4/1/2015,12/31/9999,-75,500022,Harris Sachs
V,ZRSA,SYCF,1,981,Royalty % Licensr1,GKM,DO NOT USE - USE MG5 GGR,4/1/2015,12/31/9999,-75,500022,Harris Sachs
V,ZRSA,SYCF,1,981,Royalty % Licensr1,GKC,DO NOT USE - USE MG5 GGR,4/1/2015,12/31/9999,-75,500022,Harris Sachs
V,ZRSA,SYCF,1,981,Royalty % Licensr1,GGR,LTB-GALAXY OF GRAPHICS,4/1/2015,12/31/9999,-75,500022,Harris Sachs
V,ZRSA,SYCF,1,981,Royalty % Licensr1,GGL,DO NOT USE - USE MG5 GGR,4/1/2015,12/31/9999,-75,500022,Harris Sachs
V,ZRSA,SYCF,1,981,Royalty % Licensr1,GCR,DO NOT USE - USE MG5 GGR,4/1/2015,12/31/9999,-75,500022,Harris Sachs
V,ZRSA,SYCF,1,981,Royalty % Licensr1,GCC,DO NOT USE - USE MG5 GGR,4/1/2015,12/31/9999,-75,500022,Harris Sachs
V,ZRSA,SYCF,1,981,Royalty % Licensr1,G0R,DO NOT USE - USE MG5 GGR,4/1/2015,12/31/9999,-75,500022,Harris Sachs
V,ZRSA,SYCF,1,981,Royalty % Licensr1,FID,DO NOT USE - USE MG5 DA5,4/1/2015,12/31/9999,-75,500022,Harris Sachs
V,ZRSA,SYCF,1,981,Royalty % Licensr1,DA5,PENNY LANE PUBLISHING,4/1/2015,12/31/9999,-75,500022,Harris Sachs
V,ZRSA,SYCF,1,981,Royalty % Licensr1,DA3,DO NOT USE - USE MG5 DA5,4/1/2015,12/31/9999,-75,500022,Harris Sachs
V,ZRSA,SYCF,1,981,Royalty % Licensr1,DA1,DO NOT USE - USE MG5 DA5,4/1/2015,12/31/9999,-75,500022,Harris Sachs
V,ZRSA,SYCF,1,981,Royalty % Licensr1,CMH,LORILYNN SIMMS-HOL SCRIPT - MASS 3%,4/1/2015,12/31/9999,-75,500022,Harris Sachs
V,ZRSA,SYCF,1,981,Royalty % Licensr1,CLR,LORILYNN SIMMS-EATWELL- RETAIL4%,4/1/2015,12/31/9999,-75,500022,Harris Sachs
V,ZRSA,SYCF,1,981,Royalty % Licensr1,CLM,LORILYNN SIMMS-EATWELL - MASS 3%,4/1/2015,12/31/9999,-75,500022,Harris Sachs
V,ZRSA,SYCF,1,981,Royalty % Licensr1,CLH,DO NOT USE - USE MG5 CDP,4/1/2015,12/31/9999,-75,500022,Harris Sachs
V,ZRSA,SYCF,1,981,Royalty % Licensr1,CDS,DO NOT USE - USE MG5 CDP,4/1/2015,12/31/9999,-75,500022,Harris Sachs
V,ZRSA,SYCF,1,981,Royalty % Licensr1,CDP,COURTNEY DAVIS,4/1/2015,12/31/9999,-75,500022,Harris Sachs
V,ZRSA,SYCF,1,981,Royalty % Licensr1,CDM,DO NOT USE - USE MG5 CDP,4/1/2015,12/31/9999,-75,500022,Harris Sachs
V,ZRSA,SYCF,1,981,Royalty % Licensr1,CCR,DO NOT USE - USE MG5 CDP,4/1/2015,12/31/9999,-75,500022,Harris Sachs
V,ZRSA,SYCF,1,981,Royalty % Licensr1,CCM,LORILYNN SIMMS-HOL CHEER - MASS 3%,4/1/2015,12/31/9999,-75,500022,Harris Sachs
V,ZRSA,SYCF,1,981,Royalty % Licensr1,AVM,DO NOT USE - USE MG5 WAV,4/1/2015,12/31/9999,-75,500022,Harris Sachs
V,ZRSA,SYCF,1,981,Royalty % Licensr1,AVE,DO NOT USE - USE MG5 WAV,4/1/2015,12/31/9999,-75,500022,Harris Sachs
V,ZRSA,SYCF,1,981,Royalty % Licensr1,ATR,DO NOT USE - USE MG5 WAV,4/1/2015,12/31/9999,-75,500022,Harris Sachs
V,ZRSA,SYCF,1,981,Royalty % Licensr1,ATM,DO NOT USE - USE MG5 WAV,4/1/2015,12/31/9999,-75,500022,Harris Sachs
V,ZRSA,SYCF,1,981,Royalty % Licensr1,AFR,DO NOT USE - USE MG5 AAP,4/1/2015,12/31/9999,-75,500022,Harris Sachs
V,ZRSA,SYCF,1,981,Royalty % Licensr1,AFM,DO NOT USE - USE MG5 AAP,4/1/2015,12/31/9999,-75,500022,Harris Sachs
V,ZRSA,SYCF,1,981,Royalty % Licensr1,AFC,DO NOT USE - USE MG5 AAP,4/1/2015,12/31/9999,-75,500022,Harris Sachs
V,ZRSA,SYCF,1,981,Royalty % Licensr1,AAP,LTB-ART LICENSING(FORMERLYAPPLEJACK ART),4/1/2015,12/31/9999,-75,500022,Harris Sachs
V,ZRSA,SYCF,1,981,Royalty % Licensr1,AAM,DO NOT USE - USE MG5 AAP,4/1/2015,12/31/9999,-75,500022,Harris Sachs
V,ZRSA,SYCF,1,981,Royalty % Licensr1,AAC,DO NOT USE - USE MG5 AAP,4/1/2015,12/31/9999,-75,500022,Harris Sachs
V,ZRSA,SYCF,1,981,Royalty % Licensr1,AA5,DO NOT USE - USE MG5 AA4,4/1/2015,12/31/9999,-75,500022,Harris Sachs
V,ZRSA,SYCF,1,981,Royalty % Licensr1,AA4,ANGELA ANDERSON,4/1/2015,12/31/9999,-75,500022,Harris Sachs
V,ZRSA,SYCF,1,981,Royalty % Licensr1,WVR,DO NOT USE - USE MG5 WAV,4/1/2015,12/31/9999,-75,500022,Harris Sachs
V,ZRSA,SYCF,1,981,Royalty % Licensr1,WVM,DO NOT USE - USE MG5 WAV,4/1/2015,12/31/9999,-75,500022,Harris Sachs
V,ZRSA,SYCF,1,981,Royalty % Licensr1,WDR,DO NOT USE - USE MG5 WAV,4/1/2015,12/31/9999,-75,500022,Harris Sachs
V,ZRSA,SYCF,1,981,Royalty % Licensr1,WDM,DO NOT USE - USE MG5 WAV,4/1/2015,12/31/9999,-75,500022,Harris Sachs
V,ZRSA,SYCF,1,981,Royalty % Licensr1,WAV,LTB-WILD APPLE,4/1/2015,12/31/9999,-75,500022,Harris Sachs
V,ZRSA,SYCF,1,981,Royalty % Licensr1,VJN,DO NOT USE - USE MG5 WAV,4/1/2015,12/31/9999,-75,500022,Harris Sachs
V,ZRSA,SYCF,1,981,Royalty % Licensr1,SPM,DO NOT USE - USE MG5 SAP,4/1/2015,12/31/9999,-75,500022,Harris Sachs
V,ZRSA,SYCF,1,981,Royalty % Licensr1,SAP,TSB & Company Sapna,4/1/2015,12/31/9999,-75,500022,Harris Sachs
V,ZRSA,SYCF,1,981,Royalty % Licensr1,PSR,DO NOT USE - USE MG5 WAV,4/1/2015,12/31/9999,-75,500022,Harris Sachs
V,ZRSA,SYCF,1,981,Royalty % Licensr1,PSM,DO NOT USE - USE MG5 WAV,4/1/2015,12/31/9999,-75,500022,Harris Sachs
V,ZRSA,SYCF,1,981,Royalty % Licensr1,PEW,DO NOT USE - USE MG5 DA5,4/1/2015,12/31/9999,-75,500022,Harris Sachs
V,ZRSA,SYCF,1,981,Royalty % Licensr1,PEM,DO NOT USE - USE MG5 WAV,4/1/2015,12/31/9999,-75,500022,Harris Sachs
V,ZRSA,SYCF,1,981,Royalty % Licensr1,PBD,Paul Brent Designer,4/1/2015,12/31/9999,-75,500022,Harris Sachs
V,ZRSA,SYCF,1,981,Royalty % Licensr1,PAR,DO NOT USE - USE MG5 WAV,4/1/2015,12/31/9999,-75,500022,Harris Sachs
V,ZRSA,SYCF,1,981,Royalty % Licensr1,LSC,DO NOT USE - USE MG5 CDP,4/1/2015,12/31/9999,-75,500022,Harris Sachs
V,ZRSA,SYCF,1,981,Royalty % Licensr1,LOM,LINDA MCDONALD-LICENSE EXPIRED,4/1/2015,12/31/9999,-75,500022,Harris Sachs
V,ZRSA,SYCF,1,981,Royalty % Licensr1,LIS,LISA AUDIT-WILD APPLE GRPHCS- EXPIRED,4/1/2015,12/31/9999,-75,500022,Harris Sachs
V,ZRSA,SYCF,1,981,Royalty % Licensr1,LIM,DO NOT USE - USE MG5 WAV,4/1/2015,12/31/9999,-75,500022,Harris Sachs
V,ZRSA,SYCF,1,981,Royalty % Licensr1,JGS,jennifer garant studios,4/1/2015,12/31/9999,-75,500022,Harris Sachs
V,ZRSA,SYCF,1,981,Royalty % Licensr1,JGM,DO NOT USE - USE MG5 JGS,4/1/2015,12/31/9999,-75,500022,Harris Sachs
V,ZRSA,SYCF,1,981,Royalty % Licensr1,GVM,DO NOT USE - USE MG5 GGR,4/1/2015,12/31/9999,-75,500022,Harris Sachs
V,ZRSA,SYCF,1,981,Royalty % Licensr1,GVC,DO NOT USE - USE MG5 GGR,4/1/2015,12/31/9999,-75,500022,Harris Sachs
V,ZRSA,SYCF,1,981,Royalty % Licensr1,GTR,DO NOT USE - USE MG5 GGR,4/1/2015,12/31/9999,-75,500022,Harris Sachs
V,ZRSA,SYCF,1,981,Royalty % Licensr1,GTM,DO NOT USE - USE MG5 GGR,4/1/2015,12/31/9999,-75,500022,Harris Sachs
V,ZRSA,SYCF,1,981,Royalty % Licensr1,GTC,DO NOT USE - USE MG5 GGR,4/1/2015,12/31/9999,-75,500022,Harris Sachs
V,ZRSA,SYCF,1,981,Royalty % Licensr1,GRM,DO NOT USE - USE MG5 GGR,4/1/2015,12/31/9999,-75,500022,Harris Sachs
V,ZRSA,SYCF,1,981,Royalty % Licensr1,GRC,DO NOT USE - USE MG5 GGR,4/1/2015,12/31/9999,-75,500022,Harris Sachs
V,ZRSA,SYCF,1,981,Royalty % Licensr1,GOM,DO NOT USE - USE MG5 GGR,4/1/2015,12/31/9999,-75,500022,Harris Sachs
V,ZRSA,SYCF,1,981,Royalty % Licensr1,GOC,DO NOT USE - USE MG5 GGR,4/1/2015,12/31/9999,-75,500022,Harris Sachs
V,ZRSA,SYCF,1,981,Royalty % Licensr1,GMR,DO NOT USE - USE MG5 GGR,4/1/2015,12/31/9999,-75,500022,Harris Sachs
V,ZRSA,SYCF,1,981,Royalty % Licensr1,GMD,DO NOT USE - USE MG5 GGR,4/1/2015,12/31/9999,-75,500022,Harris Sachs
V,ZRSA,SYCF,1,981,Royalty % Licensr1,GMC,DO NOT USE - USE MG5 GGR,4/1/2015,12/31/9999,-75,500022,Harris Sachs
V,ZRSA,SYCF,1,981,Royalty % Licensr1,GKR,DO NOT USE - USE MG5 GGR,4/1/2015,12/31/9999,-75,500022,Harris Sachs
V,ZRSA,SYCF,1,983,Royalty % Licensr1,HCL,HEAD CHEFS LLC,4/1/2015,12/31/9999,-75,500023,Head Chefs LLC
V,ZRSA,SYCF,1,984,Royalty % Licensr1,HEA,HEALY INTL THERMAL REGULATING INSERT 3%,4/1/2015,12/31/9999,-75,500150,Healy International LLC
V,ZRSA,SYCF,1,985,Royalty % Licensr1,HWP,DEBBIE MEYER - HOUSEWARE PRODUCTS,4/1/2015,12/31/9999,-75,500122,Houseware America  Inc
V,ZRSA,SYCF,1,985,Royalty % Licensr1,HWC,DO NOT USE - USE MG5 HWP,4/1/2015,12/31/9999,-75,500122,Houseware America  Inc
V,ZRSA,SYCF,1,985,Royalty % Licensr1,HW7,DEBBIE MEYER - BAGS,4/1/2015,12/31/9999,-75,500122,Houseware America  Inc
V,ZRSA,SYCF,1,985,Royalty % Licensr1,HW6,DEBBIE MEYER DISHWASHERPALTM,4/1/2015,12/31/9999,-75,500122,Houseware America  Inc
V,ZRSA,SYCF,1,985,Royalty % Licensr1,HW5,DEBBIE MEYER GENIUSRACKTM,4/1/2015,12/31/9999,-75,500122,Houseware America  Inc
V,ZRSA,SYCF,1,985,Royalty % Licensr1,HW4,DEBBIE MEYER CUPCAKE GENIUS TM,4/1/2015,12/31/9999,-75,500122,Houseware America  Inc
V,ZRSA,SYCF,1,985,Royalty % Licensr1,HW3,DEBBIE MEYER BUFFET GENIUS TM,4/1/2015,12/31/9999,-75,500122,Houseware America  Inc
V,ZRSA,SYCF,1,985,Royalty % Licensr1,HW2,DEBBIE MEYER GENIUS VAC BAGSTM,4/1/2015,12/31/9999,-75,500122,Houseware America  Inc
V,ZRSA,SYCF,1,985,Royalty % Licensr1,HW1,DEBBIE MEYER GENIUS VACTM,4/1/2015,12/31/9999,-75,500122,Houseware America  Inc
V,ZRSA,SYCF,1,986,Royalty % Licensr1,SNF,DO NOT USE - USE MG5 IPC,4/1/2015,12/31/9999,-75,500024,Ideavillage products Corp
V,ZRSA,SYCF,1,986,Royalty % Licensr1,IPC,SNACK TOPPER - IDEAVILLAGE,4/1/2015,12/31/9999,-75,500024,Ideavillage products Corp
V,ZRSA,SYCF,1,986,Royalty % Licensr1,EGG,EGGZOOKA - IDEAVILLAGE,4/1/2015,12/31/9999,-75,500024,Ideavillage products Corp
V,ZRSA,SYCF,1,988,Royalty % Licensr1,MSR,DO NOT USE - USE MDR,4/1/2015,12/31/9999,-75,500123,International Tableware LTD d/b/a I
V,ZRSA,SYCF,1,988,Royalty % Licensr1,MSD,DO NOT USE - USE MDR,4/1/2015,12/31/9999,-75,500123,International Tableware LTD d/b/a I
V,ZRSA,SYCF,1,988,Royalty % Licensr1,MDR,INT'L TABLEWARE LTD D/B/A INK DISH,4/1/2015,12/31/9999,-75,500123,International Tableware LTD d/b/a I
V,ZRSA,SYCF,1,988,Royalty % Licensr1,MDC,DO NOT USE - USE MDR,4/1/2015,12/31/9999,-75,500123,International Tableware LTD d/b/a I
V,ZRSA,SYCF,1,990,Royalty % Licensr1,JGS,jennifer garant studios,4/1/2015,12/31/9999,-75,500026,Jennifer Garant Studios
V,ZRSA,SYCF,1,990,Royalty % Licensr1,JGM,DO NOT USE - USE MG5 JGS,4/1/2015,12/31/9999,-75,500026,Jennifer Garant Studios
V,ZRSA,SYCF,1,992,Royalty % Licensr1,LRW,EASY OPEN COLANDER REDUCED WHOLESALE CL,4/1/2015,12/31/9999,-75,500028,Lesia K and company
V,ZRSA,SYCF,1,992,Royalty % Licensr1,LRQ,DO NOT USE - USE MG5 ERF,4/1/2015,12/31/9999,-75,500028,Lesia K and company
V,ZRSA,SYCF,1,992,Royalty % Licensr1,KER,KITCHEN AID & LESIA K - EASY RELEASE,4/1/2015,12/31/9999,-75,500028,Lesia K and company
V,ZRSA,SYCF,1,992,Royalty % Licensr1,ERF,LESIA K & CO-EASY RELEASE FOOD CONTAINER,4/1/2015,12/31/9999,-75,500028,Lesia K and company
V,ZRSA,SYUS,1,1236,Royalty % Licensr1,DAN,DESIGNRT-NEIL COHEN 2%,4/1/2015,12/31/9999,-75,500207,"Designrt, Inc."
V,ZRSA,SYCF,1,1014,Royalty % Licensr1,MAG,MAGLID,4/1/2015,12/31/9999,-60,500032,Kresak Trading LTD
V,ZRSA,SYCF,1,1056,Royalty % Licensr1,MEU,CRUMBS AWAY UTILITY TRAY - US,4/1/2015,12/31/9999,-75,500115,Meglareen LLC
V,ZRSA,SYCF,1,1056,Royalty % Licensr1,MED,CRUMBS AWAY UTILITY TRAY OUTSIDE US,4/1/2015,12/31/9999,-75,500115,Meglareen LLC
V,ZRSA,SYCF,1,1069,Royalty % Licensr1,RRM,LIQUID MOTION - ROTISSERIE ROASTER,4/1/2015,12/31/9999,-10,500033,Liquid Motion
V,ZRSA,SYCF,1,1069,Royalty % Licensr1,MRR,ROTISS ROASTER AS SEEN ON TV-EXPIRED,4/1/2015,12/31/9999,-10,500033,Liquid Motion
V,ZRSA,SYCF,1,1069,Royalty % Licensr1,MRC,ROTISS ROASTER DRTV COMM SALES-EXPIRED,4/1/2015,12/31/9999,-10,500033,Liquid Motion
V,ZRSA,SYCF,1,1069,Royalty % Licensr1,MIO,LIQUID MOTION (MISTO) & SAVORA SPRAYER,4/1/2015,12/31/9999,-10,500033,Liquid Motion
V,ZRSA,SYCF,1,1069,Royalty % Licensr1,MI5,LIQUID MOTION (MISTO-NON-METAL SPRAYERS),4/1/2015,12/31/9999,-10,500033,Liquid Motion
V,ZRSA,SYCF,1,1069,Royalty % Licensr1,MI2,LIQUID MOTION (MISTO - NON-SPRAYERS),4/1/2015,12/31/9999,-10,500033,Liquid Motion
V,ZRSA,SYCF,1,1231,Royalty % Licensr1,NG1,NANCY GREEN DESIGN 2%,6/25/2015,12/31/9999,-75,500200,Nancy Green Design
V,ZRSA,SYCF,1,1024,Royalty % Licensr1,MHL,Marinating-Season Stick Retail < 2.99,4/1/2015,12/31/9999,-75,500114,Mary L Hunter
V,ZRSA,SYCF,1,1024,Royalty % Licensr1,MHG,Marinating-Season Stick Retail > 2.99,4/1/2015,12/31/9999,-75,500114,Mary L Hunter
V,ZRSA,SYCF,1,1079,Royalty % Licensr1,FHR,DO NOT USE - USE MG5 FHA,4/1/2015,12/31/9999,-75,500035,Monashee
V,ZRSA,SYCF,1,1079,Royalty % Licensr1,FHA,FOOD HUG RTL IN ALL CNTRY NON KA 3.5%,4/1/2015,12/31/9999,-75,500035,Monashee
V,ZRSA,SYCF,1,1079,Royalty % Licensr1,HAT,DO NOT USE - USE MG5 HAE,4/1/2015,12/31/9999,-75,500035,Monashee
V,ZRSA,SYCF,1,1079,Royalty % Licensr1,HAE,HANTOVER - EMPTY BLOCKS,4/1/2015,12/31/9999,-75,500035,Monashee
V,ZRSA,SYCF,1,1079,Royalty % Licensr1,FHK,FOOD HUG RTL KA 3%,4/1/2015,12/31/9999,-75,500035,Monashee
V,ZRSA,SYCF,1,1079,Royalty % Licensr1,ERF,LESIA K & CO-EASY RELEASE FOOD CONTAINER,4/1/2015,12/31/9999,-75,500035,Monashee
V,ZRSA,SYCF,1,1079,Royalty % Licensr1,EGG,EGGZOOKA - IDEAVILLAGE,4/1/2015,12/31/9999,-75,500035,Monashee
V,ZRSA,SYCF,1,1079,Royalty % Licensr1,DRR,DO NOT USE - USE MG5 DFB,4/1/2015,12/31/9999,-75,500035,Monashee
V,ZRSA,SYCF,1,1079,Royalty % Licensr1,DRK,DO NOT USE - USE MG5 DFB,4/1/2015,12/31/9999,-75,500035,Monashee
V,ZRSA,SYCF,1,1079,Royalty % Licensr1,DRA,D GREENBERG REDUCED 1.5%,4/1/2015,12/31/9999,-75,500035,Monashee
V,ZRSA,SYCF,1,1079,Royalty % Licensr1,DKC,DANIEL GREENBERG-KA OR CUISINART,4/1/2015,12/31/9999,-75,500035,Monashee
V,ZRSA,SYCF,1,1079,Royalty % Licensr1,DGR,DANIEL GREENBERG-NON KA OR CUISINART,4/1/2015,12/31/9999,-75,500035,Monashee
V,ZRSA,SYCF,1,1079,Royalty % Licensr1,DFB,FARBERWARE & DAN GREENBERG,4/1/2015,12/31/9999,-75,500035,Monashee
V,ZRSA,SYCF,1,1079,Royalty % Licensr1,DAL,PRODUCE FRESHES-RETAIL<2.99,4/1/2015,12/31/9999,-75,500035,Monashee
V,ZRSA,SYCF,1,1079,Royalty % Licensr1,DAG,PRODUCE FRESHES-RETAIL > 2.99,4/1/2015,12/31/9999,-75,500035,Monashee
V,ZRSA,SYCF,1,1079,Royalty % Licensr1,CYW,Snap Hook (Snap N Hang),4/1/2015,12/31/9999,-75,500035,Monashee
V,ZRSA,SYCF,1,1079,Royalty % Licensr1,CYK,SNAP HOOK KA BRANDED,4/1/2015,12/31/9999,-75,500035,Monashee
V,ZRSA,SYCF,1,1079,Royalty % Licensr1,CEI,CULINARY EXPRESSIONS - KITCHEN GADGETS,4/1/2015,12/31/9999,-75,500035,Monashee
V,ZRSA,SYCF,1,1079,Royalty % Licensr1,CAT,CATANNA LLC CUTLERY CUP NON KITCHENAD 5%,4/1/2015,12/31/9999,-75,500035,Monashee
V,ZRSA,SYCF,1,1079,Royalty % Licensr1,CAR,TERRIFIC TUNA CAN OPENER,4/1/2015,12/31/9999,-75,500035,Monashee
V,ZRSA,SYCF,1,1079,Royalty % Licensr1,CAK,CATANNA LLC CUTLERY CUP KITCHENAID 3%,4/1/2015,12/31/9999,-75,500035,Monashee
V,ZRSA,SYCF,1,1079,Royalty % Licensr1,BBG,BAGEL BITER – GOOD IDEA,4/1/2015,12/31/9999,-75,500035,Monashee
V,ZRSA,SYCF,1,1079,Royalty % Licensr1,BBC,DO NOT USE - USE MG5 BBG,4/1/2015,12/31/9999,-75,500035,Monashee
V,ZRSA,SYCF,1,1079,Royalty % Licensr1,AT5,ADJUSTABLE TONGS - NON KA,4/1/2015,12/31/9999,-75,500035,Monashee
V,ZRSA,SYCF,1,1079,Royalty % Licensr1,AT4,ADJUSTABLE TONGS - KA,4/1/2015,12/31/9999,-75,500035,Monashee
V,ZRSA,SYCF,1,1079,Royalty % Licensr1,SNF,DO NOT USE - USE MG5 IPC,4/1/2015,12/31/9999,-75,500035,Monashee
V,ZRSA,SYCF,1,1079,Royalty % Licensr1,SNA,SNACK TAPE - STAYSEAL,4/1/2015,12/31/9999,-75,500035,Monashee
V,ZRSA,SYCF,1,1079,Royalty % Licensr1,RRM,LIQUID MOTION - ROTISSERIE ROASTER,4/1/2015,12/31/9999,-75,500035,Monashee
V,ZRSA,SYCF,1,1079,Royalty % Licensr1,PT5,PULL TIES-NON KA BRAND -LICENSE EXPIRED,4/1/2015,12/31/9999,-75,500035,Monashee
V,ZRSA,SYCF,1,1079,Royalty % Licensr1,PT4,PULL TIES - KA BRAND - LICENSE EXPIRED,4/1/2015,12/31/9999,-75,500035,Monashee
V,ZRSA,SYCF,1,1079,Royalty % Licensr1,PC5,TRIDENT DESIGN (PITZO PIZZA CUTTER),4/1/2015,12/31/9999,-75,500035,Monashee
V,ZRSA,SYCF,1,1079,Royalty % Licensr1,PC3,DO NOT USE - USE MG5 PC5,4/1/2015,12/31/9999,-75,500035,Monashee
V,ZRSA,SYCF,1,1079,Royalty % Licensr1,OFT,FOOD TENT - EDISON NATION,4/1/2015,12/31/9999,-75,500035,Monashee
V,ZRSA,SYCF,1,1079,Royalty % Licensr1,MRR,ROTISS ROASTER AS SEEN ON TV-EXPIRED,4/1/2015,12/31/9999,-75,500035,Monashee
V,ZRSA,SYCF,1,1079,Royalty % Licensr1,MRC,ROTISS ROASTER DRTV COMM SALES-EXPIRED,4/1/2015,12/31/9999,-75,500035,Monashee
V,ZRSA,SYCF,1,1079,Royalty % Licensr1,MHL,Marinating-Season Stick Retail < 2.99,4/1/2015,12/31/9999,-75,500035,Monashee
V,ZRSA,SYCF,1,1079,Royalty % Licensr1,MHG,Marinating-Season Stick Retail > 2.99,4/1/2015,12/31/9999,-75,500035,Monashee
V,ZRSA,SYCF,1,1079,Royalty % Licensr1,MEU,CRUMBS AWAY UTILITY TRAY - US,4/1/2015,12/31/9999,-75,500035,Monashee
V,ZRSA,SYCF,1,1079,Royalty % Licensr1,MED,CRUMBS AWAY UTILITY TRAY OUTSIDE US,4/1/2015,12/31/9999,-75,500035,Monashee
V,ZRSA,SYCF,1,1079,Royalty % Licensr1,MAG,MAGLID,4/1/2015,12/31/9999,-75,500035,Monashee
V,ZRSA,SYCF,1,1079,Royalty % Licensr1,LRW,EASY OPEN COLANDER REDUCED WHOLESALE CL,4/1/2015,12/31/9999,-75,500035,Monashee
V,ZRSA,SYCF,1,1079,Royalty % Licensr1,LRQ,DO NOT USE - USE MG5 ERF,4/1/2015,12/31/9999,-75,500035,Monashee
V,ZRSA,SYCF,1,1079,Royalty % Licensr1,KER,KITCHEN AID & LESIA K - EASY RELEASE,4/1/2015,12/31/9999,-75,500035,Monashee
V,ZRSA,SYCF,1,1079,Royalty % Licensr1,JCK,JC FOLDING SPLATTER SCREEN KA 2%,4/1/2015,12/31/9999,-75,500035,Monashee
V,ZRSA,SYCF,1,1079,Royalty % Licensr1,JCA,JC FOLDING SPLATTER SCREEN NON KA 3%,4/1/2015,12/31/9999,-75,500035,Monashee
V,ZRSA,SYCF,1,1079,Royalty % Licensr1,IPC,SNACK TOPPER - IDEAVILLAGE,4/1/2015,12/31/9999,-75,500035,Monashee
V,ZRSA,SYCF,1,1079,Royalty % Licensr1,HW7,DEBBIE MEYER - BAGS,4/1/2015,12/31/9999,-75,500035,Monashee
V,ZRSA,SYCF,1,1079,Royalty % Licensr1,HEA,HEALY INTL THERMAL REGULATING INSERT 3%,4/1/2015,12/31/9999,-75,500035,Monashee
V,ZRSA,SYCF,1,1079,Royalty % Licensr1,HD5,JOHN ROMANO HOT DOG STUFFER - NON KA,4/1/2015,12/31/9999,-75,500035,Monashee
V,ZRSA,SYCF,1,1079,Royalty % Licensr1,HD3,JOHN ROMANO HOT DOG STUFFER - KA,4/1/2015,12/31/9999,-75,500035,Monashee
V,ZRSA,SYCF,1,1088,Royalty % Licensr1,NA3,NAUTICA - BEVERAGEWARE,4/1/2015,12/31/9999,-50,500036,Nautica
V,ZRSA,SYCF,1,1079,Royalty % Licensr1,MM1,MONASHEE MKTG NO OTHER ROY DUE ON ITEM,4/1/2015,12/31/9999,-75,500035,Monashee
V,ZRSA,SYCF,1,1088,Royalty % Licensr1,NAI,DNU,4/1/2015,12/31/9999,-50,500036,Nautica
V,ZRSA,SYCF,1,1088,Royalty % Licensr1,NA6,NAUTICA - FLATWARE,4/1/2015,12/31/9999,-50,500036,Nautica
V,ZRSA,SYCF,1,1088,Royalty % Licensr1,NA5,NAUTICA - PANTRYWARE,4/1/2015,12/31/9999,-50,500036,Nautica
V,ZRSA,SYCF,1,1088,Royalty % Licensr1,NA4,NAUTICA - LIGHTING ITEMS,4/1/2015,12/31/9999,-50,500036,Nautica
V,ZRSA,SYCF,1,1088,Royalty % Licensr1,NA2,NAUTICA - ACCESSORIES,4/1/2015,12/31/9999,-50,500036,Nautica
V,ZRSA,SYCF,1,1088,Royalty % Licensr1,NA1,NAUTICA - DINNERWARE,4/1/2015,12/31/9999,-50,500036,Nautica
V,ZRSA,SYCF,1,1094,Royalty % Licensr1,NSR,DO NOT USE - USE MG5 NSM,4/1/2015,12/31/9999,-75,500125,North South Partners LLC
V,ZRSA,SYCF,1,1094,Royalty % Licensr1,NSM,NORTH SOUTH PARTNERS (WORLD ART GROUP),4/1/2015,12/31/9999,-75,500125,North South Partners LLC
V,ZRSA,SYCF,1,1096,Royalty % Licensr1,CSB,DO NOT USE - USE MG5 CS3,4/1/2015,12/31/9999,-75,500116,Otto International LLC
V,ZRSA,SYCF,1,1096,Royalty % Licensr1,OIB,BOMBAY,4/1/2015,12/31/9999,-75,500116,Otto International LLC
V,ZRSA,SYCF,1,1099,Royalty % Licensr1,PTC,PEDRINI ODOR ABSORB SPLAT SCREEN COSTCO,4/1/2015,12/31/9999,-75,500039,Pedrini PPL
V,ZRSA,SYCF,1,1099,Royalty % Licensr1,PTA,PEDRINI & THADEUS ALEMAO (ODOR ABSORB),4/1/2015,12/31/9999,-75,500039,Pedrini PPL
V,ZRSA,SYCF,1,1099,Royalty % Licensr1,PWB,Pedrini water bottles,4/1/2015,12/31/9999,-75,500039,Pedrini PPL
V,ZRSA,SYCF,1,1099,Royalty % Licensr1,PTT,Pedrini tabletop,4/1/2015,12/31/9999,-75,500039,Pedrini PPL
V,ZRSA,SYCF,1,1099,Royalty % Licensr1,PTM,Pedrini travel mug,4/1/2015,12/31/9999,-75,500039,Pedrini PPL
V,ZRSA,SYCF,1,1099,Royalty % Licensr1,PTK,PEDRINI - TEA KETTLES,4/1/2015,12/31/9999,-75,500039,Pedrini PPL
V,ZRSA,SYCF,1,1099,Royalty % Licensr1,PSB,Pedrini PPZ Societa Silicone Bakeware,4/1/2015,12/31/9999,-75,500039,Pedrini PPL
V,ZRSA,SYCF,1,1099,Royalty % Licensr1,PPT,Pedrini Perfect Tears,4/1/2015,12/31/9999,-75,500039,Pedrini PPL
V,ZRSA,SYCF,1,1099,Royalty % Licensr1,PPB,Pedrini PPZ Societa Paper Bakeware,4/1/2015,12/31/9999,-75,500039,Pedrini PPL
V,ZRSA,SYCF,1,1099,Royalty % Licensr1,POB,Pedrini PPZ Societa Other Bakeware,4/1/2015,12/31/9999,-75,500039,Pedrini PPL
V,ZRSA,SYCF,1,1099,Royalty % Licensr1,PHY,pedrini hydration,4/1/2015,12/31/9999,-75,500039,Pedrini PPL
V,ZRSA,SYCF,1,1099,Royalty % Licensr1,PGT,Pedrini PPZ Societa Gadgets & Tools,4/1/2015,12/31/9999,-75,500039,Pedrini PPL
V,ZRSA,SYCF,1,1099,Royalty % Licensr1,PFL,Pedrini flatware,4/1/2015,12/31/9999,-75,500039,Pedrini PPL
V,ZRSA,SYCF,1,1099,Royalty % Licensr1,PEL,Pedrini ECO Life,4/1/2015,12/31/9999,-75,500039,Pedrini PPL
V,ZRSA,SYCF,1,1099,Royalty % Licensr1,PCW,Pedrini Cookware,4/1/2015,12/31/9999,-75,500039,Pedrini PPL
V,ZRSA,SYCF,1,1099,Royalty % Licensr1,PCO,Pedrini override 3%,4/1/2015,12/31/9999,-75,500039,Pedrini PPL
V,ZRSA,SYCF,1,1099,Royalty % Licensr1,PCC,Pedrini PPZ Societa Cutlery/Cutting Boar,4/1/2015,12/31/9999,-75,500039,Pedrini PPL
V,ZRSA,SYCF,1,1099,Royalty % Licensr1,PAM,PEDRINI & LIQUID MOTION (MISTO),4/1/2015,12/31/9999,-75,500039,Pedrini PPL
V,ZRSA,SYCF,1,1100,Royalty % Licensr1,PEW,DO NOT USE - USE MG5 DA5,4/1/2015,12/31/9999,-75,500040,Penny Lane Publishing
V,ZRSA,SYCF,1,1100,Royalty % Licensr1,FID,DO NOT USE - USE MG5 DA5,4/1/2015,12/31/9999,-75,500040,Penny Lane Publishing
V,ZRSA,SYCF,1,1100,Royalty % Licensr1,DA5,PENNY LANE PUBLISHING,4/1/2015,12/31/9999,-75,500040,Penny Lane Publishing
V,ZRSA,SYCF,1,1100,Royalty % Licensr1,DA3,DO NOT USE - USE MG5 DA5,4/1/2015,12/31/9999,-75,500040,Penny Lane Publishing
V,ZRSA,SYCF,1,1100,Royalty % Licensr1,DA1,DO NOT USE - USE MG5 DA5,4/1/2015,12/31/9999,-75,500040,Penny Lane Publishing
V,ZRSA,SYCF,1,1101,Royalty % Licensr1,PGF,GUY FIERI PERFECT TEAR,4/1/2015,12/31/9999,-75,500041,Perfect Tears ( to HR)
V,ZRSA,SYCF,1,1098,Royalty % Licensr1,PBD,Paul Brent Designer,4/1/2015,12/31/9999,-75,500038,Paul brent Designer Inc
V,ZRSA,SYCF,1,1098,Royalty % Licensr1,PB1,DO NOT USE - USE MG5 PBD,4/1/2015,12/31/9999,-75,500038,Paul brent Designer Inc
V,ZRSA,SYCF,1,1101,Royalty % Licensr1,VPT,VASCONIA PERFECT TEARS - DO NOT USE,4/1/2015,12/31/9999,-75,500041,Perfect Tears ( to HR)
V,ZRSA,SYCF,1,1101,Royalty % Licensr1,PTE,Perfect Tear,4/1/2015,12/31/9999,-75,500041,Perfect Tears ( to HR)
V,ZRSA,SYCF,1,1101,Royalty % Licensr1,PPT,Pedrini Perfect Tears,4/1/2015,12/31/9999,-75,500041,Perfect Tears ( to HR)
V,ZRSA,SYCF,1,1101,Royalty % Licensr1,KPT,KITCHENAID PERFECT TEARS-LICENSE EXPIRED,4/1/2015,12/31/9999,-75,500041,Perfect Tears ( to HR)
V,ZRSA,SYCF,1,1101,Royalty % Licensr1,FPT,Farberware Perfect Tears,4/1/2015,12/31/9999,-75,500041,Perfect Tears ( to HR)
V,ZRSA,SYCF,1,1101,Royalty % Licensr1,CPT,CUISINART PERFECT TEAR,4/1/2015,12/31/9999,-75,500041,Perfect Tears ( to HR)
V,ZRSA,SYCF,1,1102,Royalty % Licensr1,PRM,PIERRE ROHATYN - MIKASA,4/1/2015,12/31/9999,-75,500042,Pierrie Rohatyn( Garnishment - To F
V,ZRSA,SYCF,1,1103,Royalty % Licensr1,PTR,POOCHINI & TIEGREEN RTL 5%,4/1/2015,12/31/9999,-75,500043,Poochini and Friends
V,ZRSA,SYCF,1,1103,Royalty % Licensr1,PTL,POOCHINI & TIEGREEN - MERISELLA,4/1/2015,12/31/9999,-75,500043,Poochini and Friends
V,ZRSA,SYCF,1,1103,Royalty % Licensr1,PFV,POOCHINI & TIEGREEN - VILLA DE LA LUNA,4/1/2015,12/31/9999,-75,500043,Poochini and Friends
V,ZRSA,SYCF,1,1103,Royalty % Licensr1,PFP,POOCHINI & TIEGREEN - PISTOULET,4/1/2015,12/31/9999,-75,500043,Poochini and Friends
V,ZRSA,SYCF,1,1105,Royalty % Licensr1,SFS,SAL FIOLA UNIVERSAL SHELF ORGANIZER,4/1/2015,12/31/9999,-75,500045,Sal Fiola
V,ZRSA,SYCF,1,1105,Royalty % Licensr1,SFI,Sal Fiola,4/1/2015,12/31/9999,-75,500045,Sal Fiola
V,ZRSA,SYCF,1,1105,Royalty % Licensr1,SF2,SAL FIOLA DOUBLE SIDED NAPKIN HOLDER,4/1/2015,12/31/9999,-75,500045,Sal Fiola
V,ZRSA,SYCF,1,1106,Royalty % Licensr1,SAS,Sasaki Glass Company,4/1/2015,12/31/9999,-75,500046,Sasaki
V,ZRSA,SYCF,1,1107,Royalty % Licensr1,SOH,SOHO Spice,4/1/2015,12/31/9999,-50,500047,SOHO Spices  Inc.
V,ZRSA,SYCF,1,1110,Royalty % Licensr1,TA5,Thaddeus Alemao  - not KA,4/1/2015,12/31/9999,-75,500050,Thaddeus Alemao
V,ZRSA,SYCF,1,1110,Royalty % Licensr1,TA3,Thaddeus Alemao  - KA,4/1/2015,12/31/9999,-75,500050,Thaddeus Alemao
V,ZRSA,SYCF,1,1110,Royalty % Licensr1,TA2,DO NOT USE - USE TA5,4/1/2015,12/31/9999,-75,500050,Thaddeus Alemao
V,ZRSA,SYCF,1,1110,Royalty % Licensr1,PTC,PEDRINI ODOR ABSORB SPLAT SCREEN COSTCO,4/1/2015,12/31/9999,-75,500050,Thaddeus Alemao
V,ZRSA,SYCF,1,1110,Royalty % Licensr1,PTA,PEDRINI & THADEUS ALEMAO (ODOR ABSORB),4/1/2015,12/31/9999,-75,500050,Thaddeus Alemao
V,ZRSA,SYCF,1,1111,Royalty % Licensr1,PT5,PULL TIES-NON KA BRAND -LICENSE EXPIRED,4/1/2015,12/31/9999,-75,500051,Think up designs
V,ZRSA,SYCF,1,1111,Royalty % Licensr1,PT4,PULL TIES - KA BRAND - LICENSE EXPIRED,4/1/2015,12/31/9999,-75,500051,Think up designs
V,ZRSA,SYCF,1,1111,Royalty % Licensr1,AT5,ADJUSTABLE TONGS - NON KA,4/1/2015,12/31/9999,-75,500051,Think up designs
V,ZRSA,SYCF,1,1111,Royalty % Licensr1,AT4,ADJUSTABLE TONGS - KA,4/1/2015,12/31/9999,-75,500051,Think up designs
V,ZRSA,SYCF,1,1112,Royalty % Licensr1,CCH,COFFEE CAPSULE HOLDER,4/1/2015,12/31/9999,-75,500052,Think up innovations
V,ZRSA,SYCF,1,1113,Royalty % Licensr1,PTR,POOCHINI & TIEGREEN RTL 5%,4/1/2015,12/31/9999,-75,500053,Tiegreen LTD
V,ZRSA,SYCF,1,1113,Royalty % Licensr1,PTL,POOCHINI & TIEGREEN - MERISELLA,4/1/2015,12/31/9999,-75,500053,Tiegreen LTD
V,ZRSA,SYCF,1,1113,Royalty % Licensr1,PFV,POOCHINI & TIEGREEN - VILLA DE LA LUNA,4/1/2015,12/31/9999,-75,500053,Tiegreen LTD
V,ZRSA,SYCF,1,1113,Royalty % Licensr1,PFP,POOCHINI & TIEGREEN - PISTOULET,4/1/2015,12/31/9999,-75,500053,Tiegreen LTD
V,ZRSA,SYCF,1,1114,Royalty % Licensr1,PC5,TRIDENT DESIGN (PITZO PIZZA CUTTER),4/1/2015,12/31/9999,-75,500054,Trident Design LLC
V,ZRSA,SYCF,1,1114,Royalty % Licensr1,PC3,DO NOT USE - USE MG5 PC5,4/1/2015,12/31/9999,-75,500054,Trident Design LLC
V,ZRSA,SYCF,1,1116,Royalty % Licensr1,VPT,VASCONIA PERFECT TEARS - DO NOT USE,4/1/2015,12/31/9999,-75,500056,Grupo Vasconia
V,ZRSA,SYCF,1,1116,Royalty % Licensr1,EKC,"Ekco, SAB (Vasconia)",4/1/2015,12/31/9999,-75,500056,Grupo Vasconia
V,ZRSA,SYCF,1,1117,Royalty % Licensr1,WDM,DO NOT USE - USE MG5 WAV,4/1/2015,12/31/9999,-75,500057,Wild Apple Graphics
V,ZRSA,SYCF,1,1117,Royalty % Licensr1,WVR,DO NOT USE - USE MG5 WAV,4/1/2015,12/31/9999,-75,500057,Wild Apple Graphics
V,ZRSA,SYCF,1,1117,Royalty % Licensr1,WVM,DO NOT USE - USE MG5 WAV,4/1/2015,12/31/9999,-75,500057,Wild Apple Graphics
V,ZRSA,SYCF,1,1117,Royalty % Licensr1,WDR,DO NOT USE - USE MG5 WAV,4/1/2015,12/31/9999,-75,500057,Wild Apple Graphics
V,ZRSA,SYCF,1,1117,Royalty % Licensr1,WAV,LTB-WILD APPLE,4/1/2015,12/31/9999,-75,500057,Wild Apple Graphics
V,ZRSA,SYCF,1,1117,Royalty % Licensr1,WAM,DO NOT USE - USE MG5 WAV,4/1/2015,12/31/9999,-75,500057,Wild Apple Graphics
V,ZRSA,SYCF,1,1117,Royalty % Licensr1,VJN,DO NOT USE - USE MG5 WAV,4/1/2015,12/31/9999,-75,500057,Wild Apple Graphics
V,ZRSA,SYCF,1,1117,Royalty % Licensr1,PSR,DO NOT USE - USE MG5 WAV,4/1/2015,12/31/9999,-75,500057,Wild Apple Graphics
V,ZRSA,SYCF,1,1117,Royalty % Licensr1,PSM,DO NOT USE - USE MG5 WAV,4/1/2015,12/31/9999,-75,500057,Wild Apple Graphics
V,ZRSA,SYCF,1,1117,Royalty % Licensr1,PEM,DO NOT USE - USE MG5 WAV,4/1/2015,12/31/9999,-75,500057,Wild Apple Graphics
V,ZRSA,SYCF,1,1117,Royalty % Licensr1,PAR,DO NOT USE - USE MG5 WAV,4/1/2015,12/31/9999,-75,500057,Wild Apple Graphics
V,ZRSA,SYCF,1,1117,Royalty % Licensr1,LIS,LISA AUDIT-WILD APPLE GRPHCS- EXPIRED,4/1/2015,12/31/9999,-75,500057,Wild Apple Graphics
V,ZRSA,SYCF,1,1117,Royalty % Licensr1,LIM,DO NOT USE - USE MG5 WAV,4/1/2015,12/31/9999,-75,500057,Wild Apple Graphics
V,ZRSA,SYCF,1,1117,Royalty % Licensr1,AVM,DO NOT USE - USE MG5 WAV,4/1/2015,12/31/9999,-75,500057,Wild Apple Graphics
V,ZRSA,SYCF,1,1117,Royalty % Licensr1,AVE,DO NOT USE - USE MG5 WAV,4/1/2015,12/31/9999,-75,500057,Wild Apple Graphics
V,ZRSA,SYCF,1,1117,Royalty % Licensr1,ATR,DO NOT USE - USE MG5 WAV,4/1/2015,12/31/9999,-75,500057,Wild Apple Graphics
V,ZRSA,SYCF,1,1117,Royalty % Licensr1,ATM,DO NOT USE - USE MG5 WAV,4/1/2015,12/31/9999,-75,500057,Wild Apple Graphics
V,ZRSA,SYCF,1,1152,Royalty % Licensr1,JCD,J. CHILLIN DESIGN 5%,4/1/2015,12/31/9999,-50,500147,J. Chillin Design LLC
V,ZRSA,SYCF,1,1118,Royalty % Licensr1,REO,REO BRAND (WORLD HUNGER YEAR),4/1/2015,12/31/9999,-75,500133,"WORLD HUNGER YEAR, INC"
V,ZRSA,SYCF,1,1120,Royalty % Licensr1,TCP,TUNA CAN PRESS (ZACHARY HUGHS),4/1/2015,12/31/9999,-75,500058,Zachary Hughs
V,ZRSA,SYCF,1,1124,Royalty % Licensr1,AMJ,GREEN SNOW - RETAIL,4/1/2015,12/31/9999,-50,500118,Angus McArthur & John Green
V,ZRSA,SYCF,1,1125,Royalty % Licensr1,ARD,ARTORI DESIGN 7%,4/1/2015,12/31/9999,-50,500158,Artori Design
V,ZRSA,SYCF,1,1164,Royalty % Licensr1,JGD,JULIE GAILLARD DESIGN 8%,4/1/2015,12/31/9999,-50,500163,Julie Gaillard Design
V,ZRSA,SYCF,1,1172,Royalty % Licensr1,RSR,R. SWINTON - TRAIN-STYLED CUPCAKE BAKING,4/1/2015,12/31/9999,-50,500127,Robert D Swinton
V,ZRSA,SYCF,1,1176,Royalty % Licensr1,SL1,STUDIO LEVIEN 5%,4/1/2015,12/31/9999,-50,500162,Studio Levien
V,ZRSA,SYCF,1,1180,Royalty % Licensr1,SSS,THIRD PRIME (SKULL SHAPED SUGAR SHAKER),4/1/2015,12/31/9999,-50,500128,Third Prime  LLC
V,ZRSA,SYCF,1,1180,Royalty % Licensr1,CDD,THIRD PRIME (CLEAN-DIRTY SIGN),4/1/2015,12/31/9999,-50,500128,Third Prime  LLC
V,ZRSA,SYUS,1,1184,Royalty % Licensr1,FHR,DO NOT USE - USE MG5 FHA,4/1/2015,12/31/9999,-75,500178,"Food Huggers, Inc."
V,ZRSA,SYUS,1,1184,Royalty % Licensr1,FHK,FOOD HUG RTL KA 3%,4/1/2015,12/31/9999,-75,500178,"Food Huggers, Inc."
V,ZRSA,SYUS,1,1184,Royalty % Licensr1,FHA,FOOD HUG RTL IN ALL CNTRY NON KA 3.5%,4/1/2015,12/31/9999,-75,500178,"Food Huggers, Inc."
V,ZRSA,SYUS,1,1185,Royalty % Licensr1,MHL,Marinating-Season Stick Retail < 2.99,4/1/2015,12/31/9999,-75,500179,"Television Food Network, G.P."
V,ZRSA,SYUS,1,1185,Royalty % Licensr1,MHG,Marinating-Season Stick Retail > 2.99,4/1/2015,12/31/9999,-75,500179,"Television Food Network, G.P."
V,ZRSA,SYUS,1,1185,Royalty % Licensr1,DAL,PRODUCE FRESHES-RETAIL<2.99,4/1/2015,12/31/9999,-75,500179,"Television Food Network, G.P."
V,ZRSA,SYUS,1,1185,Royalty % Licensr1,DAG,PRODUCE FRESHES-RETAIL > 2.99,4/1/2015,12/31/9999,-75,500179,"Television Food Network, G.P."
V,ZRSA,SYUS,1,1186,Royalty % Licensr1,199,KATIE ALICE,4/1/2015,12/31/9999,-75,500180,Katie Alice
V,ZRSA,SYUS,1,1187,Royalty % Licensr1,KPR,KIM PARKER RTL 5%,4/1/2015,12/31/9999,-75,500181,Kim Parker
V,ZRSA,SYUS,1,1188,Royalty % Licensr1,SMD,SABATIER BRAND WITH 2% MYDESIGN GROUP,4/1/2015,12/31/9999,-75,500182,"Mydesign Group, Inc."
V,ZRSA,SYUS,1,1188,Royalty % Licensr1,MD1,MYDESIGN GROUP W SIGNATURE MUG HANDLE 1%,4/1/2015,12/31/9999,-75,500182,"Mydesign Group, Inc."
V,ZRSA,SYUS,1,1188,Royalty % Licensr1,MD3,MYDESIGN SAVORA & BUILT 3%,4/1/2015,12/31/9999,-75,500182,"Mydesign Group, Inc."
V,ZRSA,SYUS,1,1188,Royalty % Licensr1,MDG,MYDESIGNS CUTLERY AND CUTTING BOARD 2%,4/1/2015,12/31/9999,-75,500182,"Mydesign Group, Inc."
V,ZRSA,SYUS,1,1189,Royalty % Licensr1,FAL,AWESOME WRENCH BOTTLE OPEN 5%,4/1/2015,12/31/9999,-50,500184,Awesome LLC
V,ZRSA,SYUS,1,1191,Royalty % Licensr1,FLR,LUFDESIG RAINY DAY ICE TRAY 5%,4/1/2015,12/31/9999,-50,500186,Lufdesign
V,ZRSA,SYUS,1,1194,Royalty % Licensr1,FSW,S WOLFE TITANIC DOORSTOP 5%,4/1/2015,12/31/9999,-50,500189,Stephen Wolfe
V,ZRSA,SYUS,1,1195,Royalty % Licensr1,JCK,JC FOLDING SPLATTER SCREEN KA 2%,4/1/2015,12/31/9999,-75,500142,G. JACKSON CONCEPTS LLC
V,ZRSA,SYUS,1,1195,Royalty % Licensr1,JCA,JC FOLDING SPLATTER SCREEN NON KA 3%,4/1/2015,12/31/9999,-75,500142,G. JACKSON CONCEPTS LLC
V,ZRSA,SYCF,1,1198,Royalty % Licensr1,FHR,DO NOT USE - USE MG5 FHA,4/1/2015,12/31/9999,-75,500178,"Food Huggers, Inc."
V,ZRSA,SYCF,1,1198,Royalty % Licensr1,FHK,FOOD HUG RTL KA 3%,4/1/2015,12/31/9999,-75,500178,"Food Huggers, Inc."
V,ZRSA,SYCF,1,1198,Royalty % Licensr1,FHA,FOOD HUG RTL IN ALL CNTRY NON KA 3.5%,4/1/2015,12/31/9999,-75,500178,"Food Huggers, Inc."
V,ZRSA,SYUS,1,1199,Royalty % Licensr1,MHL,Marinating-Season Stick Retail < 2.99,4/1/2015,12/31/9999,-75,500179,"Television Food Network, G.P."
V,ZRSA,SYUS,1,1199,Royalty % Licensr1,MHG,Marinating-Season Stick Retail > 2.99,4/1/2015,12/31/9999,-75,500179,"Television Food Network, G.P."
V,ZRSA,SYUS,1,1199,Royalty % Licensr1,DAL,PRODUCE FRESHES-RETAIL<2.99,4/1/2015,12/31/9999,-75,500179,"Television Food Network, G.P."
V,ZRSA,SYUS,1,1199,Royalty % Licensr1,DAG,PRODUCE FRESHES-RETAIL > 2.99,4/1/2015,12/31/9999,-75,500179,"Television Food Network, G.P."
V,ZRSA,SYCF,1,1200,Royalty % Licensr1,199,KATIE ALICE,4/1/2015,12/31/9999,-75,500180,Katie Alice
V,ZRSA,SYCF,1,1204,Royalty % Licensr1,FFP,FUN PLASTIC TUGBOAT DWARE 6%,4/1/2015,12/31/9999,-50,500185,Funtastic Plastic
V,ZRSA,SYCF,1,1206,Royalty % Licensr1,PFM,P LUM MUSTACHE CHOPSTICK 5%,4/1/2015,12/31/9999,-50,500187,Patrick Lum
V,ZRSA,SYCF,1,949,Royalty % Licensr1,AFR,DO NOT USE - USE MG5 AAP,4/1/2015,12/31/9999,-75,500001,AppleJack Art Partnets Inc
V,ZRSA,SYCF,1,949,Royalty % Licensr1,AFM,DO NOT USE - USE MG5 AAP,4/1/2015,12/31/9999,-75,500001,AppleJack Art Partnets Inc
V,ZRSA,SYCF,1,949,Royalty % Licensr1,AFC,DO NOT USE - USE MG5 AAP,4/1/2015,12/31/9999,-75,500001,AppleJack Art Partnets Inc
V,ZRSA,SYCF,1,949,Royalty % Licensr1,AAP,LTB-ART LICENSING(FORMERLYAPPLEJACK ART),4/1/2015,12/31/9999,-75,500001,AppleJack Art Partnets Inc
V,ZRSA,SYCF,1,949,Royalty % Licensr1,AAM,DO NOT USE - USE MG5 AAP,4/1/2015,12/31/9999,-75,500001,AppleJack Art Partnets Inc
V,ZRSA,SYCF,1,949,Royalty % Licensr1,AAC,DO NOT USE - USE MG5 AAP,4/1/2015,12/31/9999,-75,500001,AppleJack Art Partnets Inc
V,ZRSA,SYCF,1,952,Royalty % Licensr1,CAR,TERRIFIC TUNA CAN OPENER,4/1/2015,12/31/9999,-75,500004,C.A.S Concepts  LLC
V,ZRSA,SYCF,1,953,Royalty % Licensr1,CAT,CATANNA LLC CUTLERY CUP NON KITCHENAD 5%,4/1/2015,12/31/9999,-75,500167,Catanna LLC
V,ZRSA,SYCF,1,953,Royalty % Licensr1,CAK,CATANNA LLC CUTLERY CUP KITCHENAID 3%,4/1/2015,12/31/9999,-75,500167,Catanna LLC
V,ZRSA,SYCF,1,954,Royalty % Licensr1,CYW,Snap Hook (Snap N Hang),4/1/2015,12/31/9999,-75,500005,Chiao Ying Wen
V,ZRSA,SYCF,1,954,Royalty % Licensr1,CYK,SNAP HOOK KA BRANDED,4/1/2015,12/31/9999,-75,500005,Chiao Ying Wen
V,ZRSA,SYCF,1,955,Royalty % Licensr1,KAS,CHIKARA TATENO (AVOCADO SLICER ) & KA,4/1/2015,12/31/9999,-75,500006,Chikara Tateno
V,ZRSA,SYCF,1,955,Royalty % Licensr1,ASC,AVOCADO SLICER - CHIKARA TATENO,4/1/2015,12/31/9999,-75,500006,Chikara Tateno
V,ZRSA,SYCF,1,957,Royalty % Licensr1,CO3,COZZOLINO STUDIO SAVORA & BUILT 3%,4/1/2015,12/31/9999,-75,500119,Cozzolino Studio  LLC
V,ZRSA,SYUS,1,957,Royalty % Licensr1,SC1,SABATIER 2% COZZOLINO DESIGN,4/1/2015,12/31/9999,-75,500119,Cozzolino Studio  LLC
V,ZRSA,SYCF,1,957,Royalty % Licensr1,CSR,DO NOT USE - USE MG5 CS3,4/1/2015,12/31/9999,-75,500119,Cozzolino Studio  LLC
V,ZRSA,SYCF,1,957,Royalty % Licensr1,CSB,DO NOT USE - USE MG5 CS3,4/1/2015,12/31/9999,-75,500119,Cozzolino Studio  LLC
V,ZRSA,SYCF,1,958,Royalty % Licensr1,CGD,CUISINART 5% TRASHCAN,4/1/2015,12/31/9999,-75,500008,Conair
V,ZRSA,SYCF,1,958,Royalty % Licensr1,CUB,CUISINART-CUTTING BOARDS-LICENSE EXPIRED,4/1/2015,12/31/9999,-75,500008,Conair
V,ZRSA,SYCF,1,958,Royalty % Licensr1,CPW,CUISINART PANTRYWARE,4/1/2015,12/31/9999,-75,500008,Conair
V,ZRSA,SYCF,1,958,Royalty % Licensr1,CPT,CUISINART PERFECT TEAR,4/1/2015,12/31/9999,-75,500008,Conair
V,ZRSA,SYCF,1,958,Royalty % Licensr1,CHY,cuisinart hydration,4/1/2015,12/31/9999,-75,500008,Conair
V,ZRSA,SYCF,1,958,Royalty % Licensr1,CEN,EDISON NATION (PRESSIX) - CUISINART,4/1/2015,12/31/9999,-75,500008,Conair
V,ZRSA,SYCF,1,960,Royalty % Licensr1,CEI,CULINARY EXPRESSIONS - KITCHEN GADGETS,4/1/2015,12/31/9999,-75,500132,CULINARY EXPRESSIONS INC
V,ZRSA,SYCF,1,962,Royalty % Licensr1,CUR,CURTIS LICENSING 2%,4/1/2015,12/31/9999,-75,500172,Curtis Licensing
V,ZRSA,SYCF,1,963,Royalty % Licensr1,DRR,DO NOT USE - USE MG5 DFB,4/1/2015,12/31/9999,-75,500009,Daniel Greenberg design LLC
V,ZRSA,SYCF,1,963,Royalty % Licensr1,DRK,DO NOT USE - USE MG5 DFB,4/1/2015,12/31/9999,-75,500009,Daniel Greenberg design LLC
V,ZRSA,SYCF,1,963,Royalty % Licensr1,DRA,D GREENBERG REDUCED 1.5%,4/1/2015,12/31/9999,-75,500009,Daniel Greenberg design LLC
V,ZRSA,SYCF,1,963,Royalty % Licensr1,DKC,DANIEL GREENBERG-KA OR CUISINART,4/1/2015,12/31/9999,-75,500009,Daniel Greenberg design LLC
V,ZRSA,SYCF,1,963,Royalty % Licensr1,DGR,DANIEL GREENBERG-NON KA OR CUISINART,4/1/2015,12/31/9999,-75,500009,Daniel Greenberg design LLC
V,ZRSA,SYCF,1,963,Royalty % Licensr1,DFB,FARBERWARE & DAN GREENBERG,4/1/2015,12/31/9999,-75,500009,Daniel Greenberg design LLC
V,ZRSA,SYUS,1,1223,Royalty % Licensr1,FD1,FRUITSUPER DESIGN LLC 5%,4/1/2015,12/31/9999,-50,500197,Fruitsuper Design LLC
V,ZRSA,SYCF,1,966,Royalty % Licensr1,DAL,PRODUCE FRESHES-RETAIL<2.99,4/1/2015,12/31/9999,-75,500011,Design Accents LLC
V,ZRSA,SYCF,1,966,Royalty % Licensr1,DAG,PRODUCE FRESHES-RETAIL > 2.99,4/1/2015,12/31/9999,-75,500011,Design Accents LLC
V,ZRSA,SYCF,1,967,Royalty % Licensr1,BOD,dinah body,4/1/2015,12/31/9999,-75,500012,Dinah Body
V,ZRSA,SYCF,1,1224,Royalty % Licensr1,FD1,FRUITSUPER DESIGN LLC 5%,4/1/2015,12/31/9999,-50,500197,Fruitsuper Design LLC
V,ZRSA,SYCF,1,973,Royalty % Licensr1,MFR,DO NOT USE - USE MG5 MFM,4/1/2015,12/31/9999,-75,500157,Museum of Fine Arts
V,ZRSA,SYCF,1,973,Royalty % Licensr1,MFM,MUSEUM OF FINE ARTS BOSTON,4/1/2015,12/31/9999,-75,500157,Museum of Fine Arts
V,ZRSA,SYUS,1,1225,Royalty % Licensr1,ST1,SEBASTIANO TOSI,4/1/2015,12/31/9999,-50,500199,Sebastiano Tosi
V,ZRSA,SYCF,1,980,Royalty % Licensr1,KAH,KITCHENAID-HANTOVER EMPTY BLOCKS,4/1/2015,12/31/9999,-75,500021,Hantover
V,ZRSA,SYCF,1,980,Royalty % Licensr1,HAT,DO NOT USE - USE MG5 HAE,4/1/2015,12/31/9999,-75,500021,Hantover
V,ZRSA,SYCF,1,980,Royalty % Licensr1,HAE,HANTOVER - EMPTY BLOCKS,4/1/2015,12/31/9999,-75,500021,Hantover
V,ZRSA,SYCF,1,989,Royalty % Licensr1,JKM,DO NOT USE - USE MG5 JKD,4/1/2015,12/31/9999,-75,500025,Jen Killeen
V,ZRSA,SYCF,1,989,Royalty % Licensr1,JKD,Jen Killeen Designs,4/1/2015,12/31/9999,-75,500025,Jen Killeen
V,ZRSA,SYCF,1,1091,Royalty % Licensr1,NSG,Neil Snow Globes,4/1/2015,12/31/9999,-75,500037,Neil Enterprise
V,ZRSA,SYCF,1,1104,Royalty % Licensr1,SMD,SABATIER BRAND WITH 2% MYDESIGN GROUP,4/1/2015,5/31/2015,-0.5,500044,Sabatier
V,ZRSA,SYCF,1,1104,Royalty % Licensr1,SAB,LTB-SABATIER-ROUSSELON FRERES,4/1/2015,5/31/2015,-0.5,500044,Sabatier
V,ZRSA,SYCF,1,1104,Royalty % Licensr1,228,CT SABATIER,4/1/2015,5/31/2015,-0.5,500044,Sabatier
V,ZRSA,SYCF,1,1104,Royalty % Licensr1,SAB,LTB-SABATIER-ROUSSELON FRERES,6/1/2015,12/31/9999,-50,500044,Sabatier
V,ZRSA,SYCF,1,1228,Royalty % Licensr1,ST1,SEBASTIANO TOSI,4/1/2015,12/31/9999,-50,500199,Sebastiano Tosi
V,ZRSA,SYCF,1,1227,Royalty % Licensr1,JW1,JOSCHA WEIAND,4/1/2015,12/31/9999,-50,500198,Joscha Weiand
V,ZRSA,SYUS,1,1192,Royalty % Licensr1,PFM,P LUM MUSTACHE CHOPSTICK 5%,4/1/2015,12/31/9999,-50,500187,Patrick Lum
V,ZRSA,SYUS,1,1193,Royalty % Licensr1,FRS,RDL INTL STRAW WINE AERATOR 3%,4/1/2015,12/31/9999,-50,500188,RDL International
V,ZRSA,SYUS,1,1193,Royalty % Licensr1,FRP,RDL INTL PUZZLE PEPPER GRINDER 4%,4/1/2015,12/31/9999,-50,500188,RDL International
V,ZRSA,SYCF,1,1104,Royalty % Licensr1,SC1,SABATIER 2% COZZOLINO DESIGN,6/1/2015,12/31/9999,-50,500044,Sabatier
V,ZRSA,SYCF,1,1104,Royalty % Licensr1,SMD,SABATIER BRAND WITH 2% MYDESIGN GROUP,6/1/2015,12/31/9999,-50,500044,Sabatier
V,ZRSA,SYCF,1,1104,Royalty % Licensr1,228,CT SABATIER,6/1/2015,12/31/9999,-50,500044,Sabatier
V,ZRSA,SYUS,1,1104,Royalty % Licensr1,SC1,SABATIER 2% COZZOLINO DESIGN,4/1/2015,12/31/9999,-0.5,500044,Sabatier
V,ZRSA,SYCF,1,1104,Royalty % Licensr1,SA1,SABATIER DISHRACKS -2%,4/1/2015,12/31/9999,-50,500044,Sabatier
V,ZRSA,SYCF,1,1115,Royalty % Licensr1,SPM,DO NOT USE - USE MG5 SAP,4/1/2015,12/31/9999,-75,500055,TSB Sapna
V,ZRSA,SYCF,1,1115,Royalty % Licensr1,SAP,TSB & Company Sapna,4/1/2015,12/31/9999,-75,500055,TSB Sapna
V,ZRSA,SYCF,1,1119,Royalty % Licensr1,YTZ,YUM TOOLS ZEELER PRODUCTS 8%,4/1/2015,12/31/9999,-75,500149,"Yum Tools, LLC"
V,ZRSA,SYCF,1,1119,Royalty % Licensr1,YTR,YUM TOOLS ZEELER REPLACEMENT BLADE 10%,4/1/2015,12/31/9999,-75,500149,"Yum Tools, LLC"
V,ZRSA,SYCF,1,1119,Royalty % Licensr1,YTO,YUM TOOLS OPEN HOLE CUT GRATE SYSTEM 5%,4/1/2015,12/31/9999,-75,500149,"Yum Tools, LLC"
V,ZRSA,SYCF,1,1159,Royalty % Licensr1,JSD,JETTE SCHEIB DESIGN 5%,4/1/2015,12/31/9999,-50,500148,Jette Scheib Design
V,ZRSA,SYCF,1,1181,Royalty % Licensr1,WPP,DO NOT USE - USE MG5 WPH,4/1/2015,12/31/9999,-50,500129,Wishlist
V,ZRSA,SYCF,1,1181,Royalty % Licensr1,WPH,WISHLIST - PEN AND PENCIL HOLDERS,4/1/2015,12/31/9999,-50,500129,Wishlist
V,ZRSA,SYUS,1,830,Royalty % Licensr1,KAH,KITCHENAID-HANTOVER EMPTY BLOCKS,4/1/2015,12/31/9999,-75,500021,Hantover
V,ZRSA,SYUS,1,830,Royalty % Licensr1,HAT,DO NOT USE - USE MG5 HAE,4/1/2015,12/31/9999,-75,500021,Hantover
V,ZRSA,SYUS,1,830,Royalty % Licensr1,HAE,HANTOVER - EMPTY BLOCKS,4/1/2015,12/31/9999,-75,500021,Hantover
V,ZRSA,SYUS,1,843,Royalty % Licensr1,MAG,MAGLID,4/1/2015,12/31/9999,-60,500032,Kresak Trading LTD
V,ZRSA,SYUS,1,1215,Royalty % Licensr1,190,KEW GARDENS,4/1/2015,12/31/9999,-75,500193,Kew Gardens
V,ZRSA,SYUS,1,1217,Royalty % Licensr1,88,VICTORIA & ALBERT,4/1/2015,12/31/9999,-75,500194,Victoria & Albert
V,ZRSA,SYCF,1,947,Royalty % Licensr1,AU3,ALVARO URIBE - SAVORA & BUILT 3%,4/1/2015,12/31/9999,-75,500151,Alvaro Uribe
V,ZRSA,SYCF,1,947,Royalty % Licensr1,ALV,ALVARO URIBE DESIGN 2%,4/1/2015,12/31/9999,-75,500151,Alvaro Uribe
V,ZRSA,SYCF,1,1108,Royalty % Licensr1,SNA,SNACK TAPE - STAYSEAL,4/1/2015,12/31/9999,-75,500048,StaySeal
V,ZRSA,SYCF,1,1147,Royalty % Licensr1,HDR,HEATHER ALSTEAD DESIGN - RETAIL,4/1/2015,12/31/9999,-50,500121,Heather Alstead Design
V,ZRSA,SYCF,1,1175,Royalty % Licensr1,STO,SIBYLLE STOECKLI,4/1/2015,12/31/9999,-50,500106,Sibylle Stoeckli
V,ZRSA,SYCF,1,1218,Royalty % Licensr1,88,VICTORIA & ALBERT,4/1/2015,12/31/9999,-75,500194,Victoria & Albert
V,ZRSA,SYCF,1,1233,Royalty % Licensr1,GI1,GENUS INCORPORATED 5%,8/11/2015,12/31/9999,-75,500202,"Genus, Incorporated"
V,ZRSA,SYUS,1,1234,Royalty % Licensr1,RW7,RAYMOND WAITES DESIGN LLC 6%,8/13/2015,12/31/9999,-75,500203,"Raymond Waites Design, LLC"
V,ZRSA,SYCF,1,1237,Royalty % Licensr1,DE3,DESIGNRT SAVORA & BUILT 3%,4/1/2015,12/31/9999,-75,500207,"Designrt, Inc."
V,ZRSA,SYUS,1,1219,Royalty % Licensr1,EI1,ENTREX INCORPORATED F&F 5%,4/1/2015,12/31/9999,-50,500195,EntreX Incorporated
V,ZRSA,SYUS,1,1220,Royalty % Licensr1,EI1,ENTREX INCORPORATED F&F 5%,4/1/2015,12/31/9999,-50,500195,EntreX Incorporated
V,ZRSA,SYUS,1,1221,Royalty % Licensr1,SH1,SANCHO HEMELSOEN F&F 5%,4/1/2015,12/31/9999,-50,500086,Sancho Hemelsoen
V,ZRSA,SYUS,1,1222,Royalty % Licensr1,SH1,SANCHO HEMELSOEN F&F 5%,4/1/2015,12/31/9999,-50,500086,Sancho Hemelsoen
V,ZRSA,SYUS,1,803,Royalty % Licensr1,AU3,ALVARO URIBE - SAVORA & BUILT 3%,4/1/2015,12/31/9999,-75,500151,Alvaro Uribe
V,ZRSA,SYUS,1,803,Royalty % Licensr1,ALV,ALVARO URIBE DESIGN 2%,4/1/2015,12/31/9999,-75,500151,Alvaro Uribe
V,ZRSA,SYUS,1,810,Royalty % Licensr1,CYW,Snap Hook (Snap N Hang),4/1/2015,12/31/9999,-75,500005,Chiao Ying Wen
V,ZRSA,SYUS,1,810,Royalty % Licensr1,CYK,SNAP HOOK KA BRANDED,4/1/2015,12/31/9999,-75,500005,Chiao Ying Wen
V,ZRSA,SYUS,1,816,Royalty % Licensr1,CUR,CURTIS LICENSING 2%,4/1/2015,12/31/9999,-75,500172,Curtis Licensing
V,ZRSA,SYUS,1,828,Royalty % Licensr1,GPD,Gerald Patrick Designs,4/1/2015,12/31/9999,-75,500019,Geral Patrick Design
V,ZRSA,SYUS,1,876,Royalty % Licensr1,MAB,DO NOT USE - USE MG5 A2I,4/1/2015,12/31/9999,0,500060,Lou Henry
V,ZRSA,SYUS,1,876,Royalty % Licensr1,LH5,A21 -SPAGHETTABOUTIT 7%,4/1/2015,12/31/9999,0,500060,Lou Henry
V,ZRSA,SYUS,1,876,Royalty % Licensr1,LH4,DO NOT USE - USE MG5 A2I,4/1/2015,12/31/9999,0,500060,Lou Henry
V,ZRSA,SYUS,1,876,Royalty % Licensr1,LH3,DO NOT USE - USE MG5 A2I,4/1/2015,12/31/9999,0,500060,Lou Henry
V,ZRSA,SYUS,1,876,Royalty % Licensr1,LH2,DO NOT USE - USE MG5 A2I,4/1/2015,12/31/9999,0,500060,Lou Henry
V,ZRSA,SYUS,1,876,Royalty % Licensr1,LH1,DO NOT USE - USE MG5 A2I,4/1/2015,12/31/9999,0,500060,Lou Henry
V,ZRSA,SYUS,1,876,Royalty % Licensr1,A2I,LOU HENRY,4/1/2015,12/31/9999,0,500060,Lou Henry
V,ZRSA,SYCF,1,948,Royalty % Licensr1,AHV,Anne Hursky de Vassel,4/1/2015,12/31/9999,-75,500000,Anne Hursky De Vassal
V,ZRSA,SYUS,1,1240,Royalty % Licensr1,BD1,BARI J DESIGNS LLC 2%,7/27/2015,12/31/9999,-75,500213,"Bari J. Designs, LLC"
V,ZRSA,SYCF,1,1237,Royalty % Licensr1,DAN,DESIGNRT-NEIL COHEN 2%,4/1/2015,12/31/9999,-75,500207,"Designrt, Inc."
